id,gen,varsta,educatie,regiune,mediu,salariu_lunar_net_lei,promovat
1,F,28,Profesional,Centru,Urban,4063.0,Da
2,F,31,Facultate,Nord-Vest,Urban,5153.0,Nu
3,M,36,Gimnaziu,Bucuresti-Ilfov,Urban,6495.0,Da
4,F,45,Liceu,Vest,Rural,3916.0,Nu
5,F,33,Facultate,Centru,Rural,4064.0,Nu
6,M,56,Profesional,Nord-Vest,Rural,4966.0,Nu
7,F,64,Profesional,Sud-Muntenia,Rural,4341.0,Nu
8,M,37,Facultate,Sud-Muntenia,Rural,5410.0,Da
9,M,22,Postliceal,Nord-Vest,Urban,4516.0,Da
10,M,55,Liceu,Sud-Vest Oltenia,Urban,3727.0,Da
11,F,54,Gimnaziu,Bucuresti-Ilfov,Urban,5448.0,Nu
12,F,36,Liceu,Centru,Rural,4375.0,Nu
13,F,58,Facultate,Sud-Muntenia,Urban,5361.0,Da
14,M,35,Facultate,Sud-Muntenia,Urban,5884.0,Da
15,F,67,Postliceal,Bucuresti-Ilfov,Rural,4974.0,Da
16,F,66,Liceu,Sud-Vest Oltenia,Urban,4532.0,Nu
17,M,22,Gimnaziu,Nord-Vest,Urban,3645.0,Da
18,F,56,Masterat,Nord-Est,Rural,5440.0,Nu
19,M,18,Liceu,Bucuresti-Ilfov,Rural,3918.0,Nu
20,M,19,Gimnaziu,Sud-Est,Rural,2808.0,Da
21,F,52,Liceu,Centru,Urban,4085.0,Nu
22,F,42,Primar,Sud-Vest Oltenia,Urban,3295.0,Nu
23,F,47,Liceu,Nord-Vest,Rural,4237.0,Da
24,M,42,Liceu,Bucuresti-Ilfov,Rural,5654.0,Nu
25,F,33,Liceu,Nord-Est,Urban,3039.0,Nu
26,M,28,Facultate,Nord-Vest,Urban,5057.0,Da
27,F,44,Masterat,Nord-Est,Rural,4140.0,Nu
28,F,44,Liceu,Nord-Vest,Urban,4212.0,Nu
29,F,53,Liceu,Bucuresti-Ilfov,Urban,5757.0,Nu
30,M,39,Profesional,Bucuresti-Ilfov,Rural,4448.0,Nu
31,M,41,Liceu,Nord-Vest,Rural,,Da
32,M,31,Postliceal,Sud-Est,Urban,5300.0,Da
33,M,20,Facultate,Nord-Est,Rural,3098.0,Da
34,F,34,Profesional,Vest,Urban,5911.0,Nu
35,F,45,Gimnaziu,Nord-Est,Urban,4084.0,Nu
36,F,39,Profesional,Sud-Muntenia,Rural,2319.0,Nu
37,M,44,Primar,Centru,Urban,3499.0,Nu
38,F,46,Profesional,Sud-Vest Oltenia,Urban,4041.0,Da
39,F,43,Postliceal,Bucuresti-Ilfov,Urban,5238.0,Nu
40,F,52,Facultate,Vest,Urban,6506.0,Da
41,M,38,Facultate,Vest,Urban,6493.0,Da
42,F,49,Liceu,Sud-Muntenia,Rural,3101.0,Nu
43,F,45,Liceu,Bucuresti-Ilfov,Urban,5141.0,Nu
44,F,57,Liceu,Sud-Muntenia,Urban,4383.0,Da
45,F,43,Facultate,Bucuresti-Ilfov,Urban,6104.0,Da
46,F,25,Liceu,Vest,Urban,3601.0,Nu
47,M,40,Facultate,Nord-Est,Urban,5991.0,Da
48,M,54,Liceu,Sud-Muntenia,Urban,5081.0,Nu
49,M,64,Facultate,Nord-Est,Rural,4935.0,Da
50,F,34,Doctorat,Sud-Muntenia,Rural,5280.0,Nu
51,F,57,Postliceal,Sud-Est,Rural,4721.0,Nu
52,M,63,Profesional,Bucuresti-Ilfov,Urban,5879.0,Da
53,F,58,Primar,Centru,Urban,3376.0,Nu
54,F,48,Gimnaziu,Nord-Est,Urban,3171.0,Nu
55,F,48,,Centru,Rural,4433.0,Nu
56,M,35,Postliceal,Centru,Urban,5678.0,Da
57,M,27,Facultate,Nord-Est,Rural,3737.0,Da
58,F,37,Gimnaziu,Sud-Est,Urban,2975.0,Nu
59,F,27,Liceu,Bucuresti-Ilfov,Urban,5444.0,Nu
60,M,40,Liceu,Nord-Est,Urban,4436.0,Nu
61,M,51,Facultate,Nord-Vest,Rural,6695.0,Nu
62,M,55,Liceu,Nord-Vest,Urban,4739.0,Nu
63,M,28,Facultate,Bucuresti-Ilfov,Urban,5851.0,Da
64,F,25,Profesional,Bucuresti-Ilfov,Rural,4402.0,Da
65,M,58,Facultate,Bucuresti-Ilfov,Urban,8317.0,Nu
66,M,37,Liceu,Nord-Vest,Urban,5145.0,Da
67,F,39,Gimnaziu,Nord-Vest,Rural,3965.0,Nu
68,M,62,Facultate,Sud-Est,Urban,7059.0,Nu
69,F,49,Liceu,Bucuresti-Ilfov,Urban,6118.0,Nu
70,F,30,Postliceal,Nord-Vest,Rural,,Nu
71,M,65,Liceu,Nord-Est,Rural,3929.0,Nu
72,F,48,Gimnaziu,Sud-Muntenia,Rural,3671.0,Da
73,F,34,Gimnaziu,Nord-Vest,Urban,3284.0,Da
74,F,55,Gimnaziu,Sud-Muntenia,Rural,2972.0,Nu
75,F,40,Primar,Nord-Est,Rural,2450.0,Nu
76,M,47,Gimnaziu,Bucuresti-Ilfov,Urban,7039.0,Nu
77,F,47,Gimnaziu,Centru,Urban,3979.0,Da
78,F,54,Primar,Centru,Rural,2988.0,Nu
79,M,48,Postliceal,Sud-Est,Rural,3382.0,Da
80,M,32,Facultate,Nord-Vest,Rural,4606.0,Da
81,F,59,Masterat,Sud-Est,Rural,5395.0,Da
82,M,39,Masterat,Vest,Urban,8091.0,Da
83,M,42,Facultate,Nord-Vest,Urban,6613.0,Da
84,M,36,Liceu,Bucuresti-Ilfov,Urban,4517.0,Nu
85,F,48,Facultate,Bucuresti-Ilfov,Urban,7257.0,Nu
86,F,40,Doctorat,Sud-Est,Urban,6701.0,Da
87,F,34,Masterat,Nord-Vest,Rural,5265.0,Nu
88,M,48,Liceu,Sud-Vest Oltenia,Rural,2949.0,Nu
89,M,24,Gimnaziu,Centru,Rural,3679.0,Nu
90,F,40,Liceu,Sud-Vest Oltenia,Urban,4303.0,Nu
91,M,29,Liceu,Vest,Urban,4952.0,Nu
92,M,18,Liceu,Bucuresti-Ilfov,Urban,4852.0,Nu
93,M,36,Liceu,Centru,Urban,5140.0,Da
94,F,65,Liceu,Nord-Est,Rural,3287.0,Nu
95,M,63,Profesional,Sud-Muntenia,Urban,4004.0,Da
96,M,45,Liceu,Sud-Muntenia,Urban,4268.0,Da
97,M,20,Facultate,Nord-Vest,Urban,6393.0,Nu
98,M,22,Liceu,Sud-Vest Oltenia,Urban,3462.0,Nu
99,M,49,Masterat,Centru,Urban,8170.0,Da
100,F,47,Profesional,Centru,Urban,5057.0,Nu
101,M,18,Facultate,Sud-Est,Rural,5192.0,Da
102,F,50,Primar,Bucuresti-Ilfov,Urban,5419.0,Nu
103,M,62,Masterat,Bucuresti-Ilfov,Rural,8255.0,Nu
104,F,39,Primar,Sud-Muntenia,Urban,3457.0,Nu
105,F,29,Gimnaziu,Bucuresti-Ilfov,Rural,2610.0,Nu
106,M,25,Profesional,Sud-Muntenia,Urban,3660.0,Nu
107,M,42,Liceu,Bucuresti-Ilfov,Rural,5126.0,Nu
108,M,34,Liceu,Nord-Vest,Urban,4312.0,Nu
109,M,33,Profesional,Nord-Est,Urban,4342.0,Da
110,F,62,Liceu,Sud-Est,Rural,3270.0,Nu
111,M,37,Facultate,Sud-Est,Urban,5706.0,Da
112,M,55,Liceu,Sud-Est,Urban,4770.0,Da
113,F,36,Liceu,Bucuresti-Ilfov,Urban,4846.0,Nu
114,M,44,Profesional,Centru,Rural,4311.0,Nu
115,M,67,Facultate,Bucuresti-Ilfov,Rural,6056.0,Nu
116,F,43,Masterat,Bucuresti-Ilfov,Rural,4931.0,Nu
117,F,33,Facultate,Centru,Urban,4652.0,Da
118,F,40,Primar,Sud-Muntenia,Urban,4118.0,Da
119,M,44,Gimnaziu,Nord-Vest,Rural,2882.0,Nu
120,M,34,Liceu,Vest,Urban,4507.0,Da
121,M,61,Liceu,Sud-Vest Oltenia,Urban,4683.0,Da
122,M,36,Facultate,Nord-Est,Urban,4162.0,Da
123,F,37,Postliceal,Bucuresti-Ilfov,Rural,4682.0,Da
124,M,56,Facultate,Sud-Muntenia,Rural,6402.0,Nu
125,M,43,Gimnaziu,Nord-Est,Urban,3275.0,Nu
126,M,18,Liceu,Nord-Est,Urban,4601.0,Da
127,F,43,Liceu,Vest,Urban,4291.0,Nu
128,F,48,Facultate,Sud-Est,Rural,4713.0,Nu
129,F,42,Profesional,Sud-Est,Rural,3163.0,Nu
130,M,30,Profesional,Nord-Est,Urban,3773.0,Da
131,F,42,Masterat,Nord-Est,Urban,6001.0,Da
132,F,50,Profesional,Bucuresti-Ilfov,Urban,5532.0,Nu
133,M,44,Liceu,Sud-Est,Rural,4304.0,Nu
134,M,55,Liceu,Sud-Vest Oltenia,Rural,3384.0,Da
135,M,35,Liceu,Nord-Vest,Rural,3184.0,Nu
136,F,46,Profesional,Sud-Muntenia,Urban,4062.0,Nu
137,M,18,Facultate,Bucuresti-Ilfov,Rural,6373.0,Nu
138,F,43,Liceu,Bucuresti-Ilfov,Rural,,Da
139,F,27,Gimnaziu,Bucuresti-Ilfov,Urban,4677.0,Nu
140,F,55,Masterat,Nord-Vest,Rural,4250.0,Nu
141,M,44,Liceu,Nord-Est,Rural,3298.0,Nu
142,F,19,Facultate,Sud-Vest Oltenia,Urban,4267.0,Da
143,F,32,Liceu,Nord-Vest,Urban,4986.0,Da
144,F,42,Facultate,Sud-Muntenia,Urban,5540.0,Da
145,M,30,Liceu,Nord-Est,Urban,3694.0,Nu
146,F,43,Doctorat,Nord-Est,Rural,6904.0,Da
147,M,32,Facultate,Sud-Muntenia,Urban,5351.0,Da
148,M,20,Facultate,Vest,Rural,5142.0,Da
149,M,30,Primar,Sud-Est,Urban,3621.0,Da
150,M,45,Facultate,Sud-Vest Oltenia,Urban,5119.0,Da
151,M,49,Postliceal,Nord-Vest,Urban,5481.0,Da
152,F,30,Gimnaziu,Sud-Vest Oltenia,Urban,2947.0,Nu
153,M,47,Liceu,Sud-Vest Oltenia,Urban,4530.0,Nu
154,F,29,Liceu,Centru,Urban,4498.0,Nu
155,M,39,Facultate,Nord-Est,Urban,6215.0,Da
156,M,33,Liceu,Sud-Est,Urban,3984.0,Da
157,M,57,Postliceal,Centru,Urban,4836.0,Nu
158,M,39,Facultate,Centru,Rural,3969.0,Nu
159,M,38,Gimnaziu,Nord-Est,Urban,3450.0,Nu
160,F,49,Masterat,Vest,Rural,6132.0,Da
161,F,44,Primar,Bucuresti-Ilfov,Urban,4713.0,Da
162,F,41,Gimnaziu,Nord-Vest,Rural,2200.0,Nu
163,F,53,Facultate,Sud-Est,Urban,6201.0,Nu
164,M,48,Profesional,Nord-Est,Urban,5156.0,Da
165,M,18,Facultate,Vest,Rural,5302.0,Nu
166,F,33,Liceu,Sud-Muntenia,Urban,3441.0,Nu
167,M,63,Facultate,Nord-Vest,Rural,5953.0,Nu
168,F,28,Facultate,Sud-Muntenia,Urban,5167.0,Nu
169,M,60,Liceu,Centru,Urban,5866.0,Da
170,M,41,Facultate,Sud-Muntenia,Urban,6054.0,Da
171,F,54,Profesional,Nord-Vest,Rural,2935.0,Da
172,M,47,Masterat,Nord-Vest,Urban,7961.0,Da
173,M,29,Profesional,Sud-Vest Oltenia,Urban,3722.0,Nu
174,F,42,Gimnaziu,Vest,Rural,2356.0,Da
175,F,53,Facultate,Sud-Vest Oltenia,Urban,4686.0,Nu
176,M,50,Profesional,Vest,Urban,5769.0,Da
177,M,52,Liceu,Sud-Muntenia,Urban,3637.0,Da
178,M,64,Masterat,Centru,Urban,7380.0,Da
179,M,55,Facultate,Nord-Est,Rural,4774.0,Da
180,F,40,Profesional,Sud-Muntenia,Urban,3678.0,Nu
181,F,26,Liceu,Bucuresti-Ilfov,Urban,4987.0,Nu
182,F,48,Liceu,Sud-Vest Oltenia,Urban,3801.0,Da
183,F,40,Facultate,Sud-Vest Oltenia,Rural,4889.0,Nu
184,M,39,Facultate,Nord-Vest,Rural,5297.0,Da
185,M,25,Masterat,Bucuresti-Ilfov,Urban,7906.0,Da
186,F,29,Gimnaziu,Bucuresti-Ilfov,Rural,4451.0,Nu
187,F,20,Liceu,Sud-Est,Urban,3448.0,Da
188,F,63,Liceu,Nord-Est,Urban,4457.0,Da
189,M,54,Facultate,Nord-Est,Urban,7986.0,Nu
190,M,40,Liceu,Nord-Vest,Rural,4402.0,Nu
191,M,30,Profesional,Bucuresti-Ilfov,Rural,3786.0,Da
192,F,37,Masterat,Sud-Est,Urban,6468.0,Da
193,F,51,Liceu,Sud-Muntenia,Rural,2897.0,Da
194,F,28,Masterat,Sud-Est,Urban,5696.0,Da
195,M,23,Postliceal,Nord-Est,Urban,2804.0,Da
196,F,26,Postliceal,Vest,Rural,4208.0,Nu
197,F,64,Profesional,Centru,Urban,4751.0,Nu
198,F,34,Facultate,Vest,Urban,5905.0,Da
199,F,49,Postliceal,Nord-Est,Urban,3962.0,Nu
200,F,29,Liceu,Vest,Urban,3767.0,Nu
201,F,41,Liceu,Bucuresti-Ilfov,Rural,5289.0,Nu
202,M,59,Profesional,Vest,Urban,3790.0,Da
203,F,24,Postliceal,Sud-Muntenia,Rural,4019.0,Nu
204,F,55,Liceu,Sud-Muntenia,Rural,3674.0,Nu
205,F,26,Profesional,Sud-Muntenia,Rural,,Nu
206,M,49,Facultate,Bucuresti-Ilfov,Rural,8376.0,Da
207,M,33,Postliceal,Bucuresti-Ilfov,Rural,5291.0,Nu
208,F,56,Liceu,Nord-Vest,Urban,4520.0,Nu
209,M,40,Facultate,Vest,Urban,6581.0,Nu
210,M,18,Facultate,Centru,Urban,,Da
211,M,36,Postliceal,Nord-Vest,Rural,4893.0,Nu
212,M,51,Masterat,Centru,Urban,8195.0,Nu
213,M,30,Liceu,Vest,Urban,4544.0,Da
214,F,46,Primar,Nord-Vest,Rural,2867.0,Nu
215,F,51,Gimnaziu,Bucuresti-Ilfov,Rural,4310.0,Da
216,F,41,Gimnaziu,Centru,Urban,4128.0,Nu
217,F,29,Liceu,Nord-Vest,Rural,3788.0,Nu
218,F,33,Gimnaziu,Sud-Vest Oltenia,Rural,2200.0,Nu
219,F,36,Gimnaziu,Centru,Urban,2831.0,Nu
220,F,67,Liceu,Sud-Vest Oltenia,Rural,3441.0,Da
221,F,49,Masterat,Nord-Est,Urban,5663.0,Da
222,M,31,Liceu,Nord-Est,Urban,3704.0,Da
223,M,40,Gimnaziu,Nord-Est,Urban,4253.0,Nu
224,M,28,Facultate,Sud-Muntenia,Rural,3638.0,Da
225,F,67,Postliceal,Vest,Urban,5640.0,Nu
226,F,50,Gimnaziu,Vest,Urban,3024.0,Nu
227,F,35,Postliceal,Vest,Rural,3939.0,Nu
228,M,50,Postliceal,Nord-Est,Urban,4531.0,Da
229,M,67,Primar,Vest,Rural,3989.0,Nu
230,M,34,Masterat,Bucuresti-Ilfov,Rural,7085.0,Nu
231,M,41,Primar,Sud-Muntenia,Urban,3027.0,Nu
232,F,41,Facultate,Centru,Urban,6296.0,Da
233,F,33,Doctorat,Bucuresti-Ilfov,Urban,7846.0,Nu
234,M,37,Primar,Bucuresti-Ilfov,Rural,4685.0,Da
235,F,41,Facultate,Sud-Vest Oltenia,Rural,4525.0,Nu
236,M,45,,Vest,Urban,7723.0,Nu
237,F,45,Facultate,Sud-Muntenia,Urban,4989.0,Da
238,F,41,Facultate,Vest,Urban,6100.0,Nu
239,M,19,Facultate,Nord-Vest,Urban,6746.0,Nu
240,M,43,Facultate,Nord-Vest,Rural,5633.0,Da
241,M,42,Liceu,Nord-Est,Urban,4890.0,Nu
242,F,30,Profesional,Sud-Muntenia,Rural,3179.0,Nu
243,M,37,Liceu,Sud-Est,Rural,2200.0,Nu
244,M,59,Liceu,Sud-Muntenia,Rural,3688.0,Nu
245,M,36,Profesional,Sud-Vest Oltenia,Urban,4755.0,Da
246,F,51,Liceu,Bucuresti-Ilfov,Rural,4799.0,Nu
247,F,40,Gimnaziu,Sud-Muntenia,Urban,2801.0,Da
248,M,49,Profesional,Sud-Vest Oltenia,Urban,4923.0,Nu
249,F,51,Masterat,Centru,Rural,6617.0,Nu
250,M,50,Liceu,Nord-Est,Rural,3270.0,Nu
251,F,38,Facultate,Sud-Muntenia,Urban,4604.0,Nu
252,F,33,Profesional,Sud-Vest Oltenia,Rural,2796.0,Da
253,M,27,Facultate,Bucuresti-Ilfov,Rural,5930.0,Nu
254,M,43,Profesional,Sud-Vest Oltenia,Urban,3385.0,Da
255,M,25,Postliceal,Sud-Muntenia,Urban,4220.0,Da
256,F,54,Facultate,Vest,Rural,4625.0,Nu
257,F,37,Facultate,Nord-Vest,Urban,4405.0,Nu
258,M,32,Facultate,Sud-Muntenia,Rural,4308.0,Nu
259,F,18,Doctorat,Sud-Muntenia,Urban,6884.0,Nu
260,M,24,Primar,Nord-Vest,Rural,,Da
261,M,28,Liceu,Nord-Est,Rural,3113.0,Nu
262,M,45,,Vest,Urban,4625.0,Da
263,F,25,Gimnaziu,Vest,Rural,3744.0,Da
264,M,38,Masterat,Sud-Muntenia,Urban,7678.0,Nu
265,F,37,Masterat,Sud-Muntenia,Urban,6355.0,Da
266,F,31,Liceu,Bucuresti-Ilfov,Urban,5981.0,Da
267,F,39,,Centru,Rural,3497.0,Nu
268,M,46,Liceu,Nord-Est,Urban,,Da
269,F,24,Masterat,Sud-Est,Urban,,Nu
270,F,53,Liceu,Nord-Vest,Urban,4673.0,Nu
271,M,59,Postliceal,Nord-Est,Urban,4885.0,Da
272,M,33,Facultate,Centru,Rural,5584.0,Da
273,F,42,Liceu,Bucuresti-Ilfov,Urban,5621.0,Da
274,M,34,Liceu,Nord-Vest,Urban,3952.0,Nu
275,F,52,Postliceal,Centru,Rural,4669.0,Nu
276,M,36,Liceu,Sud-Muntenia,Rural,4113.0,Da
277,F,19,Doctorat,Centru,Urban,7529.0,Da
278,M,25,,Nord-Vest,Urban,6328.0,Nu
279,F,31,Gimnaziu,Centru,Rural,3788.0,Da
280,M,38,Liceu,Sud-Muntenia,Urban,4385.0,Nu
281,F,66,Liceu,Sud-Vest Oltenia,Rural,3986.0,Da
282,F,48,Gimnaziu,Vest,Urban,4614.0,Nu
283,M,51,Liceu,Sud-Est,Rural,4270.0,Nu
284,F,41,Liceu,Nord-Est,Urban,4074.0,Da
285,M,31,Liceu,Nord-Vest,Rural,3980.0,Nu
286,F,62,Postliceal,Nord-Est,Urban,4717.0,Da
287,F,33,Primar,Sud-Muntenia,Urban,2662.0,Nu
288,F,29,Masterat,Sud-Est,Urban,7025.0,Nu
289,M,38,Liceu,Sud-Est,Urban,3797.0,Da
290,F,35,Profesional,Sud-Vest Oltenia,Rural,,Da
291,F,41,Profesional,Centru,Rural,4065.0,Da
292,F,63,Facultate,Bucuresti-Ilfov,Rural,5699.0,Da
293,M,30,Facultate,Nord-Est,Urban,5327.0,Da
294,M,51,Doctorat,Sud-Est,Urban,7768.0,Da
295,F,47,Facultate,Sud-Muntenia,Rural,4660.0,Nu
296,M,30,Gimnaziu,Nord-Vest,Rural,3208.0,Da
297,F,42,Postliceal,Bucuresti-Ilfov,Rural,4576.0,Nu
298,M,56,Liceu,Nord-Vest,Urban,4555.0,Da
299,M,49,Liceu,Bucuresti-Ilfov,Urban,7341.0,Da
300,F,38,Facultate,Sud-Muntenia,Urban,4843.0,Nu
301,M,27,Masterat,Vest,Urban,7615.0,Nu
302,M,28,Profesional,Vest,Rural,4406.0,Nu
303,M,44,Facultate,Bucuresti-Ilfov,Urban,7859.0,Da
304,M,52,Facultate,Centru,Urban,7068.0,Nu
305,F,45,Facultate,Vest,Rural,4754.0,Da
306,M,36,Facultate,Nord-Vest,Urban,6966.0,Da
307,M,34,Facultate,Bucuresti-Ilfov,Urban,8241.0,Da
308,M,45,Facultate,Nord-Est,Rural,4589.0,Nu
309,M,42,Facultate,Centru,Rural,5083.0,Nu
310,F,35,Facultate,Nord-Vest,Rural,5167.0,Nu
311,M,37,Liceu,Centru,Rural,4228.0,Da
312,M,50,Liceu,Vest,Rural,4420.0,Nu
313,F,28,Liceu,Centru,Rural,2200.0,Nu
314,M,59,Postliceal,Vest,Urban,5744.0,Nu
315,F,25,Liceu,Sud-Vest Oltenia,Urban,2491.0,Nu
316,F,67,Masterat,Sud-Muntenia,Urban,6519.0,Da
317,M,23,Masterat,Nord-Est,Urban,6521.0,Da
318,F,45,Masterat,Sud-Muntenia,Urban,5769.0,Da
319,F,50,Facultate,Vest,Rural,5784.0,Nu
320,M,60,Postliceal,Sud-Est,Rural,4389.0,Nu
321,M,53,Primar,Sud-Est,Rural,3001.0,Da
322,F,56,Facultate,Sud-Est,Urban,5750.0,Nu
323,F,23,Profesional,Sud-Muntenia,Urban,3947.0,Da
324,F,34,Liceu,Nord-Est,Rural,2200.0,Nu
325,M,33,Profesional,Nord-Est,Rural,3101.0,Da
326,F,46,Primar,Nord-Est,Urban,2383.0,Nu
327,M,35,Profesional,Nord-Est,Urban,3222.0,Da
328,M,46,Masterat,Nord-Vest,Urban,6775.0,Da
329,M,47,Gimnaziu,Sud-Muntenia,Urban,4235.0,Nu
330,F,18,Liceu,Vest,Urban,3847.0,Da
331,M,43,Masterat,Nord-Vest,Urban,7402.0,Nu
332,M,41,Liceu,Nord-Est,Urban,3231.0,Nu
333,M,38,Facultate,Sud-Muntenia,Urban,6044.0,Da
334,M,36,Facultate,Bucuresti-Ilfov,Urban,7616.0,Nu
335,F,40,Profesional,Bucuresti-Ilfov,Urban,5450.0,Da
336,M,51,Liceu,Vest,Urban,5522.0,Nu
337,F,30,Profesional,Nord-Est,Urban,2614.0,Da
338,M,30,Gimnaziu,Centru,Rural,2715.0,Nu
339,F,44,Doctorat,Vest,Urban,7515.0,Da
340,F,38,Facultate,Centru,Rural,5905.0,Da
341,F,26,Facultate,Nord-Vest,Rural,4067.0,Nu
342,M,63,Facultate,Nord-Vest,Urban,7037.0,Da
343,M,40,Facultate,Nord-Est,Urban,5164.0,Nu
344,M,34,Primar,Nord-Est,Urban,3464.0,Nu
345,M,53,Liceu,Bucuresti-Ilfov,Rural,5764.0,Da
346,F,21,Liceu,Sud-Est,Urban,4523.0,Nu
347,F,55,Postliceal,Vest,Rural,5050.0,Nu
348,F,42,Facultate,Sud-Est,Urban,5096.0,Da
349,M,38,Gimnaziu,Sud-Muntenia,Rural,3177.0,Nu
350,F,33,Postliceal,Bucuresti-Ilfov,Urban,4964.0,Da
351,F,51,Liceu,Bucuresti-Ilfov,Rural,4295.0,Nu
352,F,53,Postliceal,Centru,Rural,4040.0,Da
353,F,31,Profesional,Nord-Est,Urban,3202.0,Nu
354,F,49,Profesional,Nord-Vest,Urban,4332.0,Nu
355,M,54,Gimnaziu,Bucuresti-Ilfov,Rural,5093.0,Nu
356,M,35,Gimnaziu,Centru,Rural,3502.0,Da
357,F,31,Masterat,Bucuresti-Ilfov,Rural,6514.0,Nu
358,M,25,Liceu,Vest,Urban,4935.0,Da
359,F,51,Liceu,Centru,Urban,4457.0,Nu
360,M,43,Masterat,Bucuresti-Ilfov,Urban,7526.0,Da
361,F,26,Gimnaziu,Nord-Est,Rural,2524.0,Da
362,F,33,Facultate,Vest,Rural,3813.0,Nu
363,F,35,Liceu,Vest,Urban,3241.0,Nu
364,F,47,Masterat,Nord-Est,Urban,5930.0,Nu
365,F,48,Primar,Vest,Urban,4502.0,Nu
366,F,30,Liceu,Vest,Urban,4238.0,Da
367,F,40,Liceu,Nord-Vest,Urban,4366.0,Da
368,F,55,Facultate,Sud-Est,Urban,5752.0,Da
369,F,34,Profesional,Centru,Rural,3844.0,Nu
370,M,32,Profesional,Sud-Muntenia,Rural,2959.0,Da
371,M,57,Postliceal,Bucuresti-Ilfov,Rural,5735.0,Da
372,M,28,Facultate,Bucuresti-Ilfov,Urban,7186.0,Da
373,F,31,Profesional,Nord-Est,Urban,3504.0,Da
374,M,37,Liceu,Vest,Urban,,Da
375,F,37,Primar,Centru,Rural,3119.0,Nu
376,M,52,Masterat,Vest,Urban,8447.0,Da
377,F,42,Postliceal,Sud-Est,Urban,3910.0,Nu
378,M,46,Facultate,Centru,Rural,6441.0,Nu
379,F,18,,Bucuresti-Ilfov,Rural,4235.0,Da
380,F,58,Liceu,Nord-Est,Urban,3503.0,Nu
381,F,27,Gimnaziu,Sud-Est,Urban,2586.0,Nu
382,M,36,Facultate,Sud-Est,Urban,6272.0,Da
383,M,44,Facultate,Sud-Est,Rural,4945.0,Da
384,M,39,Postliceal,Centru,Rural,3532.0,Nu
385,F,22,Doctorat,Nord-Vest,Urban,7061.0,Da
386,F,38,Primar,Sud-Muntenia,Rural,2312.0,Nu
387,F,34,Profesional,Nord-Vest,Urban,3260.0,Nu
388,M,48,Masterat,Sud-Est,Rural,5675.0,Da
389,M,53,Postliceal,Nord-Est,Urban,4938.0,Nu
390,M,51,Primar,Nord-Est,Rural,2843.0,Nu
391,M,42,Liceu,Bucuresti-Ilfov,Urban,5454.0,Nu
392,M,64,Facultate,Centru,Urban,5550.0,Nu
393,F,38,Postliceal,Nord-Vest,Urban,5544.0,Nu
394,M,28,Liceu,Sud-Est,Rural,2358.0,Nu
395,M,60,Liceu,Centru,Rural,3001.0,Da
396,F,58,Liceu,Bucuresti-Ilfov,Rural,4689.0,Nu
397,F,54,Facultate,Sud-Muntenia,Urban,5193.0,Nu
398,F,30,Facultate,Sud-Est,Urban,5280.0,Da
399,M,55,Liceu,Centru,Rural,4301.0,Nu
400,M,40,Gimnaziu,Nord-Est,Rural,2569.0,Nu
401,M,48,Liceu,Sud-Est,Rural,2859.0,Nu
402,M,30,Masterat,Sud-Est,Urban,6560.0,Da
403,M,47,Liceu,Vest,Urban,5494.0,Da
404,M,39,Profesional,Centru,Rural,3742.0,Da
405,M,36,Masterat,Sud-Vest Oltenia,Urban,7486.0,Nu
406,F,59,Liceu,Sud-Muntenia,Urban,,Da
407,F,24,Facultate,Nord-Est,Rural,3533.0,Nu
408,F,18,Profesional,Centru,Urban,3940.0,Nu
409,F,48,Liceu,Sud-Est,Urban,3930.0,Da
410,M,51,Facultate,Sud-Vest Oltenia,Urban,6503.0,Da
411,M,43,Primar,Bucuresti-Ilfov,Rural,4414.0,Nu
412,M,42,Facultate,Vest,Urban,6522.0,Nu
413,F,42,Primar,Nord-Vest,Rural,2200.0,Nu
414,M,67,Gimnaziu,Sud-Vest Oltenia,Urban,3479.0,Nu
415,M,51,Liceu,Vest,Urban,4785.0,Da
416,M,38,Liceu,Bucuresti-Ilfov,Urban,,Da
417,F,35,Facultate,Sud-Est,Urban,5746.0,Nu
418,M,49,Primar,Sud-Muntenia,Urban,4530.0,Nu
419,M,36,Profesional,Bucuresti-Ilfov,Urban,5200.0,Nu
420,F,40,Gimnaziu,Bucuresti-Ilfov,Rural,4408.0,Da
421,F,40,Liceu,Sud-Muntenia,Rural,2779.0,Nu
422,F,57,Liceu,Sud-Muntenia,Rural,3912.0,Nu
423,M,43,Gimnaziu,Nord-Vest,Urban,5410.0,Nu
424,M,25,Profesional,Sud-Est,Rural,2252.0,Nu
425,F,60,Masterat,Nord-Est,Urban,5663.0,Nu
426,F,31,Facultate,Nord-Est,Urban,3899.0,Nu
427,F,46,Masterat,Nord-Est,Urban,5643.0,Da
428,F,55,Facultate,Centru,Rural,4811.0,Nu
429,F,39,Gimnaziu,Nord-Vest,Rural,2991.0,Da
430,F,44,Liceu,Sud-Vest Oltenia,Urban,5072.0,Da
431,M,63,Gimnaziu,Vest,Urban,4316.0,Da
432,M,24,Liceu,Nord-Vest,Urban,4079.0,Nu
433,F,43,Facultate,Vest,Urban,6367.0,Nu
434,F,62,Liceu,Sud-Muntenia,Rural,4202.0,Nu
435,M,47,Liceu,Vest,Urban,5116.0,Da
436,M,43,Facultate,Sud-Est,Rural,5735.0,Nu
437,F,35,Facultate,Sud-Vest Oltenia,Rural,3878.0,Nu
438,M,32,Facultate,Centru,Urban,5753.0,Da
439,M,37,Profesional,Nord-Vest,Rural,3761.0,Da
440,F,49,Profesional,Nord-Vest,Rural,4125.0,Nu
441,M,46,Profesional,Nord-Vest,Rural,3073.0,Da
442,M,42,Masterat,Sud-Est,Urban,6391.0,Da
443,M,43,Liceu,Vest,Rural,4300.0,Da
444,M,45,Liceu,Vest,Rural,3367.0,Nu
445,F,38,Gimnaziu,Nord-Est,Rural,2200.0,Nu
446,F,52,Primar,Sud-Est,Urban,4013.0,Nu
447,F,50,Facultate,Bucuresti-Ilfov,Urban,8387.0,Da
448,M,33,Profesional,Vest,Rural,4032.0,Da
449,M,42,Liceu,Nord-Est,Rural,2827.0,Da
450,M,33,Profesional,Centru,Urban,4062.0,Nu
451,F,42,Liceu,Sud-Vest Oltenia,Rural,2321.0,Nu
452,M,60,Postliceal,Sud-Muntenia,Rural,2789.0,Da
453,M,30,Liceu,Centru,Rural,3380.0,Da
454,M,40,Facultate,Nord-Vest,Rural,6486.0,Da
455,F,27,Facultate,Nord-Est,Urban,5009.0,Nu
456,F,33,Liceu,Nord-Vest,Urban,3750.0,Nu
457,F,50,Gimnaziu,Sud-Vest Oltenia,Rural,,Nu
458,M,40,Profesional,Bucuresti-Ilfov,Rural,5070.0,Nu
459,M,53,Liceu,Nord-Est,Rural,3350.0,Nu
460,M,36,Facultate,Nord-Est,Urban,5204.0,Da
461,F,34,Liceu,Centru,Urban,3592.0,Da
462,M,51,Masterat,Nord-Est,Urban,5223.0,Da
463,M,41,Liceu,Sud-Muntenia,Urban,3184.0,Nu
464,F,38,Profesional,Nord-Est,Rural,,Nu
465,F,33,Profesional,Sud-Est,Urban,2756.0,Nu
466,F,37,Profesional,Sud-Muntenia,Rural,2240.0,Da
467,F,36,Liceu,Nord-Est,Urban,2947.0,Nu
468,F,55,Liceu,Sud-Est,Urban,2837.0,Da
469,F,53,Masterat,Sud-Vest Oltenia,Rural,5941.0,Da
470,F,39,Facultate,Sud-Muntenia,Rural,4575.0,Nu
471,F,53,Facultate,Nord-Est,Urban,5357.0,Da
472,F,18,Masterat,Sud-Vest Oltenia,Rural,5071.0,Da
473,M,63,Masterat,Vest,Rural,6866.0,Nu
474,F,50,Masterat,Nord-Est,Urban,5403.0,Nu
475,M,37,Facultate,Nord-Vest,Rural,5260.0,Nu
476,M,49,Liceu,Vest,Rural,4065.0,Da
477,M,37,Liceu,Vest,Urban,4673.0,Da
478,M,33,Postliceal,Sud-Muntenia,Urban,4892.0,Da
479,M,38,Facultate,Nord-Est,Rural,3839.0,Da
480,F,48,Liceu,Nord-Vest,Urban,4038.0,Da
481,F,40,Primar,Sud-Muntenia,Rural,3082.0,Nu
482,M,48,Facultate,Nord-Est,Rural,3505.0,Nu
483,F,47,Gimnaziu,Sud-Est,Urban,3084.0,Da
484,F,42,Facultate,Centru,Rural,5485.0,Da
485,F,48,Primar,Bucuresti-Ilfov,Urban,,Nu
486,F,56,Liceu,Bucuresti-Ilfov,Rural,,Nu
487,M,57,Masterat,Sud-Est,Urban,8190.0,Da
488,F,33,Profesional,Centru,Rural,3095.0,Nu
489,M,41,Postliceal,Bucuresti-Ilfov,Rural,5316.0,Da
490,M,37,Masterat,Nord-Est,Urban,6735.0,Da
491,M,45,Postliceal,Centru,Rural,3853.0,Nu
492,F,67,Profesional,Bucuresti-Ilfov,Urban,5511.0,Nu
493,F,35,Postliceal,Nord-Est,Urban,4580.0,Nu
494,M,45,Gimnaziu,Nord-Est,Urban,5000.0,Da
495,F,55,Postliceal,Nord-Est,Rural,2973.0,Nu
496,M,59,Profesional,Nord-Est,Rural,3698.0,Nu
497,M,48,Facultate,Centru,Rural,5992.0,Da
498,F,32,Profesional,Sud-Est,Urban,4290.0,Nu
499,F,37,Facultate,Nord-Vest,Rural,4415.0,Nu
500,M,43,Liceu,Sud-Est,Rural,3828.0,Da
501,M,41,Postliceal,Bucuresti-Ilfov,Rural,5308.0,Nu
502,M,67,Postliceal,Bucuresti-Ilfov,Urban,7211.0,Da
503,M,46,Liceu,Sud-Est,Urban,5047.0,Da
504,M,56,Facultate,Vest,Urban,7011.0,Nu
505,M,24,Profesional,Sud-Muntenia,Urban,3860.0,Da
506,F,54,Profesional,Nord-Vest,Urban,3143.0,Nu
507,F,48,Profesional,Sud-Muntenia,Urban,3363.0,Da
508,F,24,Liceu,Sud-Est,Rural,2200.0,Nu
509,M,37,Doctorat,Nord-Est,Urban,8252.0,Da
510,M,47,Primar,Bucuresti-Ilfov,Rural,4487.0,Nu
511,M,46,Liceu,Centru,Urban,,Da
512,M,57,Postliceal,Centru,Rural,4688.0,Da
513,F,19,Liceu,Sud-Vest Oltenia,Urban,2710.0,Da
514,F,40,Profesional,Sud-Vest Oltenia,Urban,2776.0,Nu
515,F,21,Masterat,Nord-Est,Urban,4585.0,Nu
516,M,43,Primar,Nord-Vest,Urban,3997.0,Nu
517,F,34,Liceu,Nord-Est,Urban,3319.0,Nu
518,F,51,Doctorat,Sud-Est,Urban,6621.0,Nu
519,M,37,Gimnaziu,Sud-Est,Urban,3667.0,Da
520,M,36,Gimnaziu,Nord-Est,Rural,3355.0,Da
521,M,56,Liceu,Centru,Urban,5436.0,Nu
522,M,61,Liceu,Nord-Vest,Urban,6136.0,Da
523,M,26,Facultate,Bucuresti-Ilfov,Rural,5477.0,Da
524,F,31,,Sud-Muntenia,Urban,5142.0,Nu
525,F,41,Profesional,Nord-Vest,Urban,4064.0,Nu
526,M,48,Liceu,Sud-Est,Rural,3602.0,Nu
527,M,54,Profesional,Sud-Muntenia,Rural,4837.0,Nu
528,F,49,Facultate,Sud-Vest Oltenia,Rural,3818.0,Nu
529,M,64,Liceu,Vest,Rural,3903.0,Nu
530,M,44,Postliceal,Sud-Est,Rural,5078.0,Nu
531,F,60,Facultate,Sud-Vest Oltenia,Rural,3850.0,Nu
532,F,67,Liceu,Nord-Vest,Urban,4744.0,Da
533,F,51,Gimnaziu,Nord-Vest,Rural,3602.0,Da
534,F,42,Profesional,Vest,Urban,3973.0,Nu
535,F,32,Facultate,Sud-Muntenia,Urban,5349.0,Da
536,F,46,Gimnaziu,Bucuresti-Ilfov,Urban,5793.0,Da
537,M,43,Primar,Vest,Urban,4451.0,Da
538,M,58,Gimnaziu,Vest,Urban,5038.0,Nu
539,M,49,Liceu,Nord-Est,Urban,4652.0,Da
540,M,41,Masterat,Vest,Rural,6621.0,Nu
541,M,53,Facultate,Nord-Est,Urban,6140.0,Nu
542,F,29,Profesional,Nord-Vest,Urban,2472.0,Nu
543,M,67,Postliceal,Sud-Est,Rural,3266.0,Nu
544,M,41,Gimnaziu,Centru,Rural,4214.0,Da
545,F,57,Profesional,Sud-Muntenia,Rural,2587.0,Da
546,M,20,Gimnaziu,Sud-Muntenia,Urban,3279.0,Nu
547,M,50,Liceu,Nord-Vest,Urban,5129.0,Nu
548,F,34,Facultate,Nord-Est,Urban,5489.0,Da
549,F,32,Primar,Nord-Vest,Rural,2932.0,Nu
550,M,44,Liceu,Sud-Vest Oltenia,Urban,3522.0,Da
551,F,58,Facultate,Nord-Est,Rural,4582.0,Da
552,F,33,Liceu,Sud-Vest Oltenia,Urban,3072.0,Da
553,M,60,Facultate,Vest,Rural,4968.0,Da
554,M,59,Liceu,Sud-Muntenia,Rural,3237.0,Da
555,M,40,Liceu,Nord-Vest,Urban,5609.0,Nu
556,M,35,Gimnaziu,Nord-Vest,Rural,3676.0,Nu
557,M,32,Facultate,Centru,Rural,6130.0,Da
558,F,22,Liceu,Nord-Est,Urban,,Da
559,M,59,Profesional,Vest,Urban,5038.0,Da
560,M,50,Facultate,Bucuresti-Ilfov,Urban,9155.0,Da
561,F,28,Masterat,Nord-Est,Urban,4721.0,Da
562,M,24,Primar,Nord-Vest,Rural,2426.0,Nu
563,M,45,Postliceal,Sud-Muntenia,Urban,4915.0,Da
564,M,57,Postliceal,Sud-Muntenia,Urban,6055.0,Da
565,F,52,Gimnaziu,Nord-Est,Urban,2809.0,Da
566,M,48,Postliceal,Centru,Urban,5739.0,Nu
567,M,49,Liceu,Nord-Est,Urban,3682.0,Da
568,M,18,,Bucuresti-Ilfov,Rural,5640.0,Da
569,M,37,Facultate,Nord-Vest,Urban,6336.0,Da
570,F,41,Facultate,Sud-Vest Oltenia,Urban,4989.0,Da
571,M,42,Gimnaziu,Nord-Est,Urban,2487.0,Da
572,F,22,Masterat,Centru,Rural,5561.0,Da
573,M,39,Liceu,Sud-Vest Oltenia,Urban,3149.0,Nu
574,M,49,Liceu,Nord-Est,Urban,4310.0,Da
575,F,18,Facultate,Vest,Urban,6274.0,Nu
576,F,36,Liceu,Sud-Est,Rural,2700.0,Nu
577,F,53,Facultate,Nord-Vest,Urban,6860.0,Da
578,F,43,Profesional,Sud-Est,Urban,5303.0,Nu
579,F,51,Liceu,Sud-Muntenia,Urban,4136.0,Nu
580,F,37,Primar,Nord-Vest,Urban,3376.0,Nu
581,F,37,Profesional,Sud-Muntenia,Urban,4466.0,Da
582,F,22,Primar,Sud-Est,Rural,2544.0,Nu
583,M,55,Facultate,Nord-Vest,Urban,6650.0,Nu
584,F,49,Facultate,Nord-Vest,Rural,5179.0,Da
585,M,46,Liceu,Nord-Vest,Urban,5638.0,Da
586,M,26,Gimnaziu,Nord-Vest,Urban,3887.0,Nu
587,F,60,Masterat,Nord-Est,Rural,5598.0,Da
588,M,50,Gimnaziu,Sud-Vest Oltenia,Rural,2880.0,Nu
589,M,51,Postliceal,Nord-Vest,Urban,5069.0,Nu
590,M,63,Liceu,Nord-Vest,Urban,6119.0,Nu
591,F,65,Profesional,Sud-Vest Oltenia,Rural,3002.0,Nu
592,F,33,Facultate,Nord-Est,Urban,4258.0,Nu
593,F,37,Facultate,Centru,Rural,5598.0,Da
594,F,34,Liceu,Nord-Est,Rural,3565.0,Nu
595,M,20,Facultate,Sud-Est,Rural,,Nu
596,M,37,Facultate,Vest,Rural,5154.0,Nu
597,F,27,Facultate,Vest,Rural,4720.0,Da
598,M,56,Doctorat,Nord-Est,Rural,5697.0,Da
599,F,52,Postliceal,Nord-Est,Urban,4802.0,Da
600,M,42,Doctorat,Bucuresti-Ilfov,Urban,8958.0,Da
601,F,21,Liceu,Vest,Rural,2644.0,Nu
602,M,39,Facultate,Centru,Urban,7661.0,Da
603,F,56,Profesional,Vest,Urban,4822.0,Nu
604,F,30,Doctorat,Sud-Muntenia,Rural,5181.0,Nu
605,M,28,Liceu,Nord-Est,Rural,3187.0,Nu
606,M,41,Profesional,Sud-Muntenia,Urban,4149.0,Da
607,F,37,Gimnaziu,Sud-Vest Oltenia,Urban,3421.0,Da
608,F,55,Facultate,Sud-Est,Urban,6525.0,Nu
609,F,42,Liceu,Nord-Est,Urban,5233.0,Da
610,F,32,Postliceal,Bucuresti-Ilfov,Urban,5183.0,Da
611,F,47,Profesional,Nord-Est,Rural,2786.0,Nu
612,F,36,Liceu,Sud-Vest Oltenia,Rural,2794.0,Nu
613,F,40,Gimnaziu,Nord-Est,Rural,2335.0,Da
614,M,43,Liceu,Vest,Urban,5844.0,Nu
615,M,57,Masterat,Sud-Est,Urban,7309.0,Nu
616,M,49,Masterat,Bucuresti-Ilfov,Rural,7805.0,Nu
617,F,30,,Sud-Est,Rural,2200.0,Da
618,M,47,Liceu,Nord-Est,Urban,3724.0,Nu
619,F,53,Doctorat,Sud-Est,Rural,5574.0,Da
620,M,52,Liceu,Centru,Rural,3536.0,Nu
621,M,34,Gimnaziu,Sud-Muntenia,Urban,4399.0,Nu
622,M,44,Facultate,Sud-Muntenia,Urban,5203.0,Nu
623,F,44,Facultate,Nord-Est,Urban,5022.0,Nu
624,F,53,Liceu,Sud-Muntenia,Urban,4892.0,Da
625,M,27,Liceu,Bucuresti-Ilfov,Urban,5054.0,Nu
626,F,47,Profesional,Sud-Muntenia,Urban,3963.0,Da
627,M,49,Masterat,Centru,Urban,8299.0,Nu
628,M,33,Gimnaziu,Centru,Urban,4790.0,Da
629,M,45,Profesional,Nord-Vest,Urban,5485.0,Da
630,M,29,Profesional,Bucuresti-Ilfov,Urban,5691.0,Nu
631,F,37,Postliceal,Centru,Rural,,Da
632,F,26,Primar,Nord-Vest,Rural,3138.0,Nu
633,F,24,Liceu,Bucuresti-Ilfov,Urban,4130.0,Nu
634,F,54,Liceu,Bucuresti-Ilfov,Urban,5692.0,Nu
635,F,52,Liceu,Sud-Vest Oltenia,Rural,2542.0,Nu
636,M,38,Facultate,Nord-Est,Rural,4812.0,Da
637,F,43,Primar,Vest,Urban,3175.0,Da
638,M,47,Liceu,Vest,Rural,4722.0,Da
639,F,54,Liceu,Nord-Vest,Rural,3356.0,Nu
640,M,51,Profesional,Sud-Vest Oltenia,Rural,4389.0,Da
641,F,48,Facultate,Sud-Vest Oltenia,Urban,5421.0,Nu
642,F,21,Facultate,Vest,Urban,4603.0,Da
643,M,39,Facultate,Vest,Rural,5458.0,Da
644,F,57,Liceu,Sud-Vest Oltenia,Urban,4326.0,Nu
645,M,52,Primar,Sud-Vest Oltenia,Urban,4056.0,Nu
646,F,49,Primar,Nord-Est,Urban,2720.0,Da
647,M,47,Facultate,Centru,Urban,5422.0,Da
648,F,27,Liceu,Nord-Est,Rural,2200.0,Nu
649,M,36,Liceu,Centru,Urban,4817.0,Nu
650,F,48,Masterat,Sud-Est,Rural,4475.0,Da
651,F,60,Masterat,Bucuresti-Ilfov,Urban,8449.0,Da
652,M,52,Postliceal,Centru,Urban,5062.0,Nu
653,M,54,Masterat,Bucuresti-Ilfov,Rural,6808.0,Da
654,M,47,Facultate,Sud-Muntenia,Urban,6613.0,Nu
655,M,37,Profesional,Sud-Est,Urban,4643.0,Nu
656,M,33,Postliceal,Nord-Est,Urban,4951.0,Da
657,F,31,Liceu,Sud-Est,Urban,3326.0,Nu
658,F,21,Masterat,Nord-Vest,Urban,6283.0,Da
659,F,29,Facultate,Centru,Urban,5236.0,Da
660,F,31,Facultate,Vest,Rural,4618.0,Nu
661,M,43,Facultate,Bucuresti-Ilfov,Rural,6786.0,Da
662,M,24,Masterat,Vest,Rural,5517.0,Nu
663,M,30,Gimnaziu,Bucuresti-Ilfov,Rural,4484.0,Nu
664,F,40,Gimnaziu,Centru,Rural,2839.0,Da
665,M,50,Liceu,Nord-Est,Rural,2737.0,Da
666,F,37,Masterat,Nord-Vest,Rural,5648.0,Da
667,F,45,Facultate,Bucuresti-Ilfov,Urban,5554.0,Nu
668,M,47,Liceu,Sud-Vest Oltenia,Rural,2822.0,Da
669,F,28,Masterat,Nord-Vest,Rural,5978.0,Nu
670,F,58,Masterat,Sud-Est,Urban,5176.0,Nu
671,M,18,Postliceal,Nord-Est,Urban,4101.0,Nu
672,F,18,Facultate,Nord-Vest,Rural,2998.0,Da
673,M,43,Profesional,Centru,Rural,3214.0,Da
674,M,26,Liceu,Nord-Est,Rural,2905.0,Da
675,M,36,Masterat,Sud-Vest Oltenia,Urban,6473.0,Da
676,F,44,Liceu,Bucuresti-Ilfov,Rural,4440.0,Nu
677,M,55,Facultate,Sud-Muntenia,Urban,6548.0,Da
678,M,41,Gimnaziu,Centru,Urban,3616.0,Nu
679,F,27,Gimnaziu,Vest,Urban,3289.0,Da
680,M,44,Postliceal,Bucuresti-Ilfov,Rural,5690.0,Da
681,F,56,Liceu,Sud-Est,Urban,3844.0,Nu
682,F,47,Facultate,Vest,Urban,5584.0,Da
683,F,67,Gimnaziu,Vest,Urban,3603.0,Nu
684,F,32,Postliceal,Sud-Muntenia,Urban,3959.0,Da
685,F,34,Facultate,Sud-Muntenia,Rural,3837.0,Nu
686,F,51,Gimnaziu,Bucuresti-Ilfov,Urban,5082.0,Nu
687,F,48,Facultate,Centru,Urban,6368.0,Da
688,F,42,Gimnaziu,Centru,Urban,3710.0,Da
689,F,28,Postliceal,Bucuresti-Ilfov,Urban,5139.0,Nu
690,F,31,Masterat,Nord-Vest,Rural,5575.0,Nu
691,F,50,Liceu,Centru,Rural,,Da
692,M,43,Liceu,Sud-Muntenia,Rural,3290.0,Nu
693,F,42,Liceu,Vest,Urban,4921.0,Nu
694,F,32,Liceu,Bucuresti-Ilfov,Urban,5595.0,Nu
695,M,18,Gimnaziu,Nord-Est,Rural,2200.0,Nu
696,F,64,Masterat,Sud-Muntenia,Rural,6047.0,Nu
697,F,46,Liceu,Bucuresti-Ilfov,Rural,4691.0,Nu
698,F,30,Profesional,Bucuresti-Ilfov,Urban,4571.0,Nu
699,F,35,Liceu,Sud-Muntenia,Urban,3881.0,Da
700,F,42,Facultate,Vest,Urban,5549.0,Da
701,F,36,Facultate,Bucuresti-Ilfov,Rural,6455.0,Da
702,M,48,Liceu,Nord-Est,Urban,3877.0,Nu
703,F,27,Facultate,Sud-Vest Oltenia,Rural,2606.0,Da
704,M,42,Liceu,Bucuresti-Ilfov,Urban,5102.0,Nu
705,F,48,Liceu,Sud-Vest Oltenia,Urban,3167.0,Nu
706,F,45,Facultate,Sud-Est,Rural,4406.0,Nu
707,M,44,Profesional,Sud-Est,Urban,4160.0,Da
708,F,43,Gimnaziu,Bucuresti-Ilfov,Urban,4400.0,Da
709,M,39,Liceu,Sud-Vest Oltenia,Urban,4370.0,Da
710,M,44,Liceu,Sud-Est,Rural,3396.0,Da
711,M,30,Profesional,Nord-Vest,Rural,4383.0,Da
712,F,33,Masterat,Nord-Est,Urban,5994.0,Nu
713,M,46,Masterat,Nord-Vest,Urban,6487.0,Da
714,F,18,Gimnaziu,Nord-Est,Rural,2494.0,Nu
715,F,53,Gimnaziu,Vest,Rural,3656.0,Nu
716,M,37,Liceu,Sud-Muntenia,Rural,3338.0,Da
717,F,43,Profesional,Nord-Vest,Rural,3598.0,Nu
718,F,31,Liceu,Bucuresti-Ilfov,Rural,3395.0,Da
719,F,24,Liceu,Nord-Est,Rural,2200.0,Nu
720,M,34,Masterat,Nord-Vest,Urban,6835.0,Nu
721,F,31,Liceu,Bucuresti-Ilfov,Urban,5787.0,Da
722,M,41,Liceu,Nord-Vest,Urban,5249.0,Nu
723,M,39,Liceu,Nord-Vest,Urban,4892.0,Da
724,M,67,Liceu,Sud-Vest Oltenia,Rural,3734.0,Nu
725,F,18,Liceu,Sud-Muntenia,Urban,2203.0,Nu
726,M,59,Liceu,Vest,Urban,5918.0,Da
727,F,27,Primar,Sud-Est,Rural,2495.0,Nu
728,M,63,Masterat,Sud-Muntenia,Urban,6903.0,Da
729,M,49,Liceu,Sud-Vest Oltenia,Rural,4115.0,Nu
730,M,26,Liceu,Sud-Est,Urban,4094.0,Da
731,F,39,Liceu,Bucuresti-Ilfov,Rural,5159.0,Nu
732,F,42,Profesional,Centru,Urban,4154.0,Nu
733,M,27,Liceu,Sud-Muntenia,Rural,3461.0,Da
734,M,48,Masterat,Sud-Est,Urban,6422.0,Nu
735,M,47,Liceu,Centru,Urban,5733.0,Da
736,M,52,Primar,Sud-Muntenia,Rural,3946.0,Nu
737,M,34,Liceu,Centru,Rural,3477.0,Nu
738,M,21,Doctorat,Centru,Urban,8771.0,Da
739,M,27,Facultate,Bucuresti-Ilfov,Urban,7253.0,Nu
740,F,40,Masterat,Sud-Est,Rural,5136.0,Nu
741,F,33,Facultate,Sud-Est,Rural,3858.0,Nu
742,M,35,Liceu,Sud-Vest Oltenia,Rural,3685.0,Nu
743,M,62,Postliceal,Sud-Vest Oltenia,Urban,5606.0,Nu
744,M,46,Liceu,Sud-Est,Rural,3427.0,Da
745,F,59,Primar,Sud-Muntenia,Urban,4302.0,Nu
746,F,20,Primar,Bucuresti-Ilfov,Rural,3038.0,Nu
747,F,33,Profesional,Centru,Rural,3200.0,Da
748,M,37,Gimnaziu,Bucuresti-Ilfov,Urban,5192.0,Da
749,M,54,Primar,Sud-Est,Rural,2698.0,Nu
750,F,41,Facultate,Bucuresti-Ilfov,Urban,5413.0,Nu
751,F,40,Liceu,Nord-Vest,Urban,3370.0,Da
752,F,32,Primar,Vest,Urban,4524.0,Nu
753,F,24,Facultate,Bucuresti-Ilfov,Rural,5472.0,Da
754,M,41,Postliceal,Nord-Vest,Rural,3811.0,Da
755,F,67,Liceu,Nord-Vest,Urban,4645.0,Nu
756,M,18,Postliceal,Bucuresti-Ilfov,Urban,5954.0,Nu
757,M,60,Profesional,Nord-Vest,Urban,4386.0,Da
758,F,64,Liceu,Sud-Est,Rural,3161.0,Da
759,M,54,Liceu,Nord-Vest,Urban,5372.0,Nu
760,M,26,Gimnaziu,Sud-Est,Rural,2498.0,Nu
761,M,51,Liceu,Nord-Vest,Rural,3093.0,Nu
762,M,42,Profesional,Nord-Est,Rural,3168.0,Da
763,M,26,Liceu,Sud-Muntenia,Urban,3222.0,Nu
764,M,29,Gimnaziu,Sud-Muntenia,Urban,3028.0,Nu
765,M,18,Doctorat,Bucuresti-Ilfov,Rural,8025.0,Nu
766,F,19,Facultate,Sud-Vest Oltenia,Urban,4542.0,Nu
767,M,39,Primar,Nord-Vest,Rural,2951.0,Nu
768,F,44,Postliceal,Vest,Rural,4646.0,Da
769,M,33,Profesional,Bucuresti-Ilfov,Urban,6513.0,Da
770,F,29,Masterat,Nord-Vest,Rural,5829.0,Da
771,F,37,Doctorat,Nord-Vest,Urban,6858.0,Nu
772,M,34,Facultate,Centru,Rural,4251.0,Nu
773,F,48,Postliceal,Sud-Vest Oltenia,Rural,4345.0,Nu
774,F,61,Facultate,Sud-Muntenia,Rural,,Nu
775,M,29,Gimnaziu,Nord-Vest,Rural,2893.0,Da
776,M,51,Postliceal,Centru,Urban,5164.0,Da
777,F,32,Postliceal,Sud-Vest Oltenia,Rural,2613.0,Nu
778,M,44,Doctorat,Nord-Est,Rural,6597.0,Da
779,F,36,Liceu,Sud-Est,Rural,3195.0,Da
780,M,47,Postliceal,Centru,Urban,5381.0,Nu
781,M,23,Facultate,Nord-Est,Urban,4281.0,Nu
782,M,31,Facultate,Sud-Vest Oltenia,Rural,3890.0,Nu
783,M,60,Primar,Bucuresti-Ilfov,Urban,5093.0,Nu
784,F,41,Masterat,Bucuresti-Ilfov,Urban,8322.0,Da
785,M,58,Profesional,Vest,Rural,5271.0,Nu
786,F,28,Profesional,Sud-Muntenia,Rural,3113.0,Nu
787,F,60,Liceu,Bucuresti-Ilfov,Urban,6033.0,Nu
788,F,51,Profesional,Nord-Est,Rural,3009.0,Nu
789,F,37,Liceu,Vest,Urban,4057.0,Nu
790,F,29,Facultate,Sud-Muntenia,Rural,3803.0,Da
791,F,62,Profesional,Nord-Est,Rural,3143.0,Da
792,M,39,Liceu,Nord-Est,Urban,3285.0,Nu
793,M,37,Facultate,Nord-Vest,Urban,5613.0,Da
794,M,58,Profesional,Sud-Vest Oltenia,Rural,3033.0,Da
795,M,65,Liceu,Vest,Urban,5382.0,Nu
796,M,50,Profesional,Nord-Est,Urban,3863.0,Nu
797,M,41,Facultate,Nord-Vest,Urban,5417.0,Nu
798,M,34,Postliceal,Sud-Muntenia,Urban,4983.0,Nu
799,M,34,Gimnaziu,Bucuresti-Ilfov,Urban,4602.0,Nu
800,M,39,Liceu,Sud-Est,Urban,4689.0,Da
801,M,48,Liceu,Bucuresti-Ilfov,Urban,5732.0,Da
802,F,49,Masterat,Centru,Urban,5991.0,Da
803,M,33,Liceu,Sud-Vest Oltenia,Rural,2691.0,Da
804,M,27,Facultate,Sud-Vest Oltenia,Urban,5531.0,Nu
805,M,49,Masterat,Nord-Vest,Rural,6946.0,Nu
806,F,18,Gimnaziu,Sud-Vest Oltenia,Rural,2390.0,Da
807,M,34,Facultate,Nord-Est,Rural,4463.0,Nu
808,M,61,Liceu,Centru,Rural,3285.0,Nu
809,M,20,Profesional,Bucuresti-Ilfov,Rural,4292.0,Nu
810,M,34,Liceu,Sud-Est,Urban,4378.0,Da
811,M,61,,Bucuresti-Ilfov,Urban,5638.0,Da
812,M,36,Masterat,Bucuresti-Ilfov,Urban,6973.0,Nu
813,F,56,Doctorat,Bucuresti-Ilfov,Urban,8814.0,Nu
814,F,63,Liceu,Vest,Urban,4636.0,Da
815,M,41,Postliceal,Sud-Muntenia,Urban,3441.0,Da
816,F,36,Postliceal,Vest,Urban,4366.0,Da
817,F,42,Liceu,Centru,Urban,4371.0,Nu
818,M,37,Facultate,Vest,Urban,6859.0,Nu
819,M,42,Gimnaziu,Nord-Est,Urban,3421.0,Nu
820,F,40,Liceu,Sud-Est,Urban,4093.0,Nu
821,F,55,Primar,Nord-Est,Urban,2758.0,Nu
822,F,52,Primar,Sud-Est,Urban,3346.0,Nu
823,F,38,Facultate,Nord-Est,Rural,2780.0,Da
824,M,59,Facultate,Sud-Est,Rural,5749.0,Nu
825,M,50,Liceu,Centru,Rural,3734.0,Da
826,M,29,Liceu,Sud-Est,Rural,2863.0,Da
827,M,51,Masterat,Sud-Muntenia,Rural,6068.0,Nu
828,F,54,Facultate,Nord-Vest,Urban,4912.0,Da
829,F,57,Doctorat,Nord-Vest,Urban,7653.0,Nu
830,M,32,Liceu,Sud-Est,Urban,4733.0,Nu
831,F,47,Liceu,Nord-Est,Urban,3977.0,Da
832,F,67,Gimnaziu,Sud-Est,Rural,2845.0,Da
833,M,51,Facultate,Nord-Vest,Rural,5178.0,Da
834,M,49,Primar,Vest,Urban,5542.0,Nu
835,M,24,Facultate,Bucuresti-Ilfov,Rural,5732.0,Nu
836,F,57,Liceu,Vest,Rural,3987.0,Da
837,M,33,Liceu,Nord-Vest,Rural,3308.0,Nu
838,M,42,Gimnaziu,Nord-Est,Urban,3199.0,Nu
839,F,45,Liceu,Sud-Muntenia,Urban,3531.0,Nu
840,F,30,Masterat,Sud-Vest Oltenia,Urban,5822.0,Nu
841,F,40,Liceu,Bucuresti-Ilfov,Rural,5029.0,Nu
842,M,19,Facultate,Bucuresti-Ilfov,Urban,6635.0,Da
843,M,44,Gimnaziu,Bucuresti-Ilfov,Rural,4783.0,Nu
844,F,48,Facultate,Vest,Urban,6466.0,Da
845,M,42,Profesional,Vest,Urban,5232.0,Nu
846,F,18,Gimnaziu,Vest,Rural,2710.0,Nu
847,F,22,Profesional,Nord-Est,Urban,2596.0,Da
848,M,30,Liceu,Sud-Vest Oltenia,Urban,4201.0,Da
849,F,53,Liceu,Centru,Urban,5441.0,Da
850,F,59,Facultate,Bucuresti-Ilfov,Rural,6171.0,Da
851,F,37,Postliceal,Centru,Rural,4040.0,Da
852,M,63,Liceu,Nord-Vest,Rural,4038.0,Nu
853,M,39,Facultate,Vest,Rural,5594.0,Da
854,F,44,Facultate,Nord-Est,Rural,4059.0,Nu
855,F,46,Doctorat,Sud-Muntenia,Urban,6835.0,Da
856,F,39,Liceu,Centru,Rural,2452.0,Da
857,F,45,Facultate,Nord-Vest,Rural,5090.0,Nu
858,F,38,Postliceal,Nord-Est,Urban,3180.0,Nu
859,F,61,Facultate,Vest,Rural,5602.0,Da
860,F,35,Liceu,Vest,Urban,3677.0,Nu
861,M,53,Profesional,Bucuresti-Ilfov,Rural,5212.0,Nu
862,F,44,Profesional,Sud-Muntenia,Rural,3313.0,Nu
863,M,20,Doctorat,Sud-Muntenia,Urban,7502.0,Da
864,M,23,Masterat,Sud-Muntenia,Rural,5273.0,Da
865,F,56,Masterat,Nord-Est,Urban,6244.0,Nu
866,M,38,Liceu,Nord-Vest,Urban,4455.0,Da
867,F,64,Gimnaziu,Nord-Est,Rural,3807.0,Nu
868,M,66,Facultate,Sud-Est,Urban,5932.0,Nu
869,F,18,Facultate,Sud-Vest Oltenia,Urban,5055.0,Da
870,F,64,Primar,Sud-Est,Rural,2953.0,Nu
871,F,46,Facultate,Sud-Est,Rural,4236.0,Da
872,M,34,Facultate,Nord-Est,Urban,5721.0,Da
873,M,36,Facultate,Vest,Rural,5246.0,Nu
874,F,52,Doctorat,Vest,Rural,8109.0,Nu
875,F,18,Masterat,Nord-Vest,Urban,6648.0,Da
876,M,31,Facultate,Sud-Vest Oltenia,Urban,6079.0,Da
877,M,18,Gimnaziu,Bucuresti-Ilfov,Rural,4308.0,Nu
878,M,30,Gimnaziu,Sud-Est,Rural,2685.0,Nu
879,M,40,Masterat,Bucuresti-Ilfov,Rural,6869.0,Da
880,F,62,Postliceal,Nord-Est,Rural,3097.0,Nu
881,F,24,Postliceal,Bucuresti-Ilfov,Urban,6272.0,Nu
882,F,42,Doctorat,Centru,Rural,6831.0,Da
883,M,33,Liceu,Centru,Rural,3982.0,Nu
884,M,48,Postliceal,Bucuresti-Ilfov,Rural,5219.0,Nu
885,F,38,Profesional,Bucuresti-Ilfov,Urban,6181.0,Da
886,F,46,Liceu,Centru,Urban,4992.0,Nu
887,F,40,Facultate,Sud-Vest Oltenia,Urban,4831.0,Da
888,F,56,Primar,Centru,Urban,4672.0,Da
889,M,55,Facultate,Sud-Muntenia,Rural,4232.0,Da
890,M,64,Gimnaziu,Nord-Vest,Urban,5442.0,Nu
891,F,35,Liceu,Nord-Vest,Urban,3250.0,Da
892,F,59,Gimnaziu,Bucuresti-Ilfov,Rural,4457.0,Nu
893,M,40,Primar,Nord-Est,Urban,2926.0,Da
894,M,38,Doctorat,Vest,Urban,8231.0,Da
895,M,62,Primar,Sud-Est,Rural,3643.0,Da
896,M,53,Gimnaziu,Sud-Muntenia,Urban,3599.0,Nu
897,M,48,Facultate,Nord-Est,Rural,5086.0,Nu
898,M,51,Masterat,Nord-Vest,Rural,6357.0,Da
899,M,43,Liceu,Nord-Est,Rural,3303.0,Da
900,M,29,Liceu,Bucuresti-Ilfov,Urban,6055.0,Nu
901,F,31,Profesional,Sud-Muntenia,Urban,3351.0,Nu
902,F,58,Gimnaziu,Vest,Urban,4338.0,Da
903,F,40,Liceu,Bucuresti-Ilfov,Rural,4089.0,Nu
904,F,35,Liceu,Bucuresti-Ilfov,Urban,6106.0,Nu
905,M,41,Liceu,Nord-Est,Rural,3002.0,Nu
906,F,54,Facultate,Vest,Rural,5816.0,Nu
907,M,56,Liceu,Sud-Vest Oltenia,Rural,3865.0,Nu
908,F,42,Masterat,Sud-Muntenia,Rural,5378.0,Nu
909,M,43,Liceu,Nord-Est,Urban,4585.0,Da
910,M,25,Gimnaziu,Sud-Vest Oltenia,Urban,3155.0,Da
911,M,40,Facultate,Centru,Urban,6026.0,Nu
912,F,53,Liceu,Bucuresti-Ilfov,Rural,4741.0,Nu
913,M,36,Gimnaziu,Bucuresti-Ilfov,Urban,6988.0,Nu
914,F,29,Liceu,Nord-Vest,Rural,3614.0,Nu
915,M,45,Facultate,Nord-Est,Urban,6326.0,Da
916,M,23,Profesional,Sud-Muntenia,Rural,2602.0,Da
917,F,44,Facultate,Sud-Est,Rural,5492.0,Nu
918,M,38,Postliceal,Sud-Vest Oltenia,Rural,3289.0,Da
919,M,40,Liceu,Sud-Muntenia,Rural,2336.0,Da
920,F,33,Facultate,Bucuresti-Ilfov,Rural,6424.0,Nu
921,M,52,Facultate,Centru,Urban,6424.0,Da
922,M,37,Doctorat,Centru,Rural,7257.0,Da
923,F,44,Primar,Sud-Vest Oltenia,Rural,2200.0,Nu
924,M,53,Profesional,Nord-Vest,Rural,3517.0,Da
925,M,55,Liceu,Vest,Rural,5272.0,Da
926,F,46,Facultate,Vest,Urban,6139.0,Nu
927,M,51,Postliceal,Vest,Urban,5593.0,Nu
928,M,59,Liceu,Bucuresti-Ilfov,Rural,5624.0,Da
929,F,21,Doctorat,Bucuresti-Ilfov,Rural,7532.0,Da
930,F,53,Postliceal,Sud-Muntenia,Urban,3547.0,Nu
931,M,34,Profesional,Centru,Urban,4676.0,Da
932,F,51,Profesional,Sud-Est,Urban,3745.0,Nu
933,M,25,Liceu,Bucuresti-Ilfov,Urban,6087.0,Da
934,F,22,Gimnaziu,Nord-Est,Rural,2200.0,Nu
935,M,28,Facultate,Nord-Est,Rural,3945.0,Da
936,F,45,Facultate,Centru,Urban,6137.0,Da
937,F,56,Postliceal,Sud-Est,Urban,4621.0,Nu
938,M,32,Profesional,Sud-Est,Rural,2200.0,Nu
939,F,43,Masterat,Nord-Vest,Urban,6569.0,Da
940,M,67,Gimnaziu,Vest,Rural,3749.0,Da
941,F,28,Gimnaziu,Vest,Urban,3532.0,Nu
942,F,46,,Nord-Est,Urban,3447.0,Nu
943,M,63,Liceu,Nord-Vest,Urban,6489.0,Da
944,M,38,Liceu,Sud-Est,Urban,5032.0,Nu
945,F,35,Postliceal,Vest,Rural,3577.0,Da
946,F,33,Facultate,Nord-Vest,Urban,5154.0,Nu
947,M,56,Doctorat,Nord-Est,Rural,7397.0,Da
948,M,67,Primar,Sud-Vest Oltenia,Rural,2682.0,Da
949,M,54,Facultate,Bucuresti-Ilfov,Rural,8181.0,Nu
950,M,33,Profesional,Nord-Vest,Rural,4360.0,Nu
951,M,47,Facultate,Centru,Rural,5540.0,Da
952,M,26,Liceu,Sud-Est,Urban,5091.0,Da
953,F,35,Facultate,Vest,Urban,5496.0,Nu
954,M,50,Facultate,Vest,Rural,5562.0,Nu
955,F,48,Liceu,Bucuresti-Ilfov,Rural,4534.0,Nu
956,F,37,Liceu,Bucuresti-Ilfov,Rural,4705.0,Nu
957,F,41,Liceu,Vest,Rural,2979.0,Da
958,M,51,Liceu,Bucuresti-Ilfov,Urban,7055.0,Da
959,F,43,Postliceal,Nord-Est,Rural,2246.0,Nu
960,F,25,Liceu,Vest,Rural,2764.0,Da
961,F,45,Doctorat,Centru,Urban,7425.0,Nu
962,F,28,Liceu,Vest,Urban,5022.0,Nu
963,M,48,Facultate,Nord-Est,Urban,6261.0,Nu
964,M,55,Gimnaziu,Sud-Muntenia,Urban,4119.0,Da
965,F,43,Postliceal,Centru,Urban,4520.0,Da
966,F,55,,Nord-Est,Rural,3179.0,Da
967,F,67,Liceu,Bucuresti-Ilfov,Urban,5320.0,Nu
968,M,45,Liceu,Sud-Est,Urban,4339.0,Da
969,M,60,Facultate,Nord-Vest,Urban,6008.0,Nu
970,M,45,Profesional,Nord-Vest,Urban,5067.0,Da
971,F,36,Gimnaziu,Nord-Vest,Urban,4835.0,Nu
972,M,46,Liceu,Bucuresti-Ilfov,Urban,7232.0,Nu
973,F,26,Liceu,Sud-Muntenia,Urban,3708.0,Nu
974,M,46,Gimnaziu,Nord-Vest,Rural,4063.0,Da
975,F,38,Liceu,Centru,Urban,3999.0,Da
976,M,34,Masterat,Nord-Vest,Urban,6967.0,Da
977,F,41,Primar,Nord-Vest,Urban,3024.0,Da
978,F,65,Postliceal,Nord-Est,Rural,3100.0,Nu
979,F,46,Primar,Sud-Muntenia,Rural,2544.0,Nu
980,M,29,Liceu,Sud-Vest Oltenia,Urban,4090.0,Nu
981,F,47,Liceu,Sud-Vest Oltenia,Rural,2845.0,Da
982,M,20,Liceu,Sud-Est,Urban,3812.0,Da
983,F,48,Primar,Sud-Vest Oltenia,Rural,2200.0,Nu
984,M,36,Gimnaziu,Sud-Est,Urban,3858.0,Nu
985,M,44,Liceu,Bucuresti-Ilfov,Urban,6062.0,Da
986,F,37,Liceu,Nord-Vest,Urban,4324.0,Nu
987,F,41,Masterat,Nord-Vest,Urban,6640.0,Nu
988,F,33,,Nord-Est,Urban,3612.0,Da
989,M,40,Facultate,Sud-Muntenia,Rural,4183.0,Nu
990,F,28,Primar,Nord-Est,Rural,2200.0,Nu
991,M,60,Facultate,Centru,Urban,7520.0,Da
992,M,44,Gimnaziu,Sud-Est,Urban,4333.0,Nu
993,F,50,Facultate,Nord-Est,Rural,4407.0,Nu
994,F,53,Postliceal,Nord-Est,Urban,4668.0,Da
995,F,47,Facultate,Nord-Vest,Rural,,Nu
996,M,38,Facultate,Vest,Rural,4701.0,Da
997,F,42,Facultate,Vest,Urban,4789.0,Nu
998,F,40,Facultate,Bucuresti-Ilfov,Rural,6524.0,Nu
999,M,49,Facultate,Bucuresti-Ilfov,Urban,7502.0,Nu
1000,F,41,Liceu,Vest,Rural,2200.0,Da
1001,F,65,Profesional,Vest,Rural,4467.0,Da
1002,F,44,Liceu,Bucuresti-Ilfov,Urban,5856.0,Nu
1003,M,57,Liceu,Vest,Urban,6484.0,Da
1004,M,46,Liceu,Sud-Vest Oltenia,Urban,3687.0,Nu
1005,M,47,Facultate,Nord-Est,Urban,5882.0,Da
1006,M,45,Liceu,Bucuresti-Ilfov,Urban,5134.0,Da
1007,M,23,Facultate,Nord-Est,Rural,4116.0,Da
1008,M,27,Liceu,Sud-Muntenia,Urban,3664.0,Nu
1009,F,61,Liceu,Sud-Est,Urban,5020.0,Nu
1010,F,46,Facultate,Sud-Est,Urban,5280.0,Da
1011,M,18,Liceu,Vest,Urban,4032.0,Nu
1012,F,50,Profesional,Nord-Vest,Urban,5167.0,Da
1013,F,59,Facultate,Bucuresti-Ilfov,Rural,6429.0,Nu
1014,M,61,Facultate,Sud-Vest Oltenia,Rural,4861.0,Nu
1015,F,34,Liceu,Nord-Est,Urban,3554.0,Da
1016,F,38,Liceu,Sud-Vest Oltenia,Rural,3516.0,Nu
1017,F,41,Liceu,Nord-Vest,Rural,3178.0,Nu
1018,F,54,Gimnaziu,Sud-Est,Rural,2996.0,Da
1019,M,60,Liceu,Sud-Muntenia,Rural,3069.0,Da
1020,M,42,Gimnaziu,Nord-Est,Urban,4087.0,Da
1021,F,24,Profesional,Nord-Est,Urban,3325.0,Nu
1022,M,60,Masterat,Nord-Est,Urban,6274.0,Nu
1023,F,34,Facultate,Sud-Est,Rural,3797.0,Nu
1024,M,27,Liceu,Sud-Vest Oltenia,Urban,3391.0,Da
1025,M,48,Liceu,Sud-Muntenia,Rural,3985.0,Da
1026,F,47,Facultate,Nord-Est,Urban,5161.0,Nu
1027,F,27,Gimnaziu,Sud-Est,Urban,3133.0,Nu
1028,F,67,Facultate,Bucuresti-Ilfov,Urban,6674.0,Da
1029,F,67,Facultate,Centru,Urban,5615.0,Nu
1030,F,38,Facultate,Bucuresti-Ilfov,Urban,7403.0,Nu
1031,F,46,Liceu,Vest,Urban,4426.0,Da
1032,M,54,Gimnaziu,Nord-Vest,Urban,4592.0,Da
1033,M,67,Postliceal,Sud-Vest Oltenia,Rural,3925.0,Nu
1034,M,38,Profesional,Nord-Vest,Rural,4624.0,Da
1035,F,23,Facultate,Sud-Muntenia,Rural,4115.0,Da
1036,M,34,Profesional,Bucuresti-Ilfov,Rural,4346.0,Da
1037,M,35,Postliceal,Nord-Est,Urban,4604.0,Nu
1038,M,45,Liceu,Sud-Muntenia,Rural,3356.0,Da
1039,F,37,Liceu,Nord-Est,Urban,3745.0,Da
1040,F,49,Facultate,Centru,Urban,6461.0,Nu
1041,F,46,Masterat,Sud-Vest Oltenia,Rural,6150.0,Nu
1042,M,29,Profesional,Bucuresti-Ilfov,Rural,5192.0,Nu
1043,M,32,Doctorat,Nord-Est,Rural,6624.0,Da
1044,M,34,Liceu,Centru,Urban,5024.0,Nu
1045,M,38,Liceu,Sud-Est,Urban,3890.0,Da
1046,M,29,Masterat,Sud-Muntenia,Urban,7022.0,Da
1047,M,36,Profesional,Sud-Muntenia,Urban,4031.0,Da
1048,F,31,Postliceal,Bucuresti-Ilfov,Urban,6821.0,Nu
1049,M,50,Facultate,Nord-Est,Rural,5706.0,Da
1050,M,48,Masterat,Nord-Vest,Urban,7760.0,Da
1051,F,63,Facultate,Vest,Rural,4516.0,Nu
1052,M,40,Profesional,Sud-Vest Oltenia,Rural,3562.0,Da
1053,M,54,Masterat,Vest,Rural,6218.0,Da
1054,M,41,Masterat,Nord-Vest,Rural,6325.0,Nu
1055,F,48,Masterat,Sud-Muntenia,Urban,5376.0,Da
1056,M,47,Postliceal,Nord-Est,Rural,2752.0,Da
1057,M,36,Liceu,Sud-Muntenia,Rural,4027.0,Nu
1058,F,56,Liceu,Nord-Est,Urban,2937.0,Da
1059,M,31,Liceu,Sud-Vest Oltenia,Urban,4224.0,Da
1060,F,36,Gimnaziu,Sud-Muntenia,Rural,2200.0,Nu
1061,F,19,Masterat,Sud-Muntenia,Urban,5742.0,Da
1062,M,30,Liceu,Bucuresti-Ilfov,Urban,5336.0,Da
1063,M,66,Facultate,Sud-Est,Rural,4827.0,Da
1064,F,38,Facultate,Sud-Muntenia,Urban,4687.0,Nu
1065,F,62,Primar,Nord-Est,Rural,3130.0,Nu
1066,F,26,Gimnaziu,Vest,Urban,3479.0,Nu
1067,M,44,Liceu,Bucuresti-Ilfov,Rural,4681.0,Da
1068,M,49,Gimnaziu,Sud-Vest Oltenia,Rural,2558.0,Nu
1069,M,33,Primar,Bucuresti-Ilfov,Rural,4059.0,Da
1070,M,33,Liceu,Centru,Rural,2585.0,Nu
1071,M,54,Facultate,Centru,Urban,6897.0,Da
1072,M,27,Liceu,Nord-Vest,Urban,4306.0,Nu
1073,F,50,Primar,Sud-Muntenia,Rural,3354.0,Nu
1074,F,41,Postliceal,Bucuresti-Ilfov,Rural,4307.0,Nu
1075,F,48,Profesional,Vest,Urban,4107.0,Nu
1076,M,67,Facultate,Bucuresti-Ilfov,Urban,8271.0,Da
1077,M,26,Liceu,Centru,Urban,3335.0,Nu
1078,F,47,Masterat,Bucuresti-Ilfov,Urban,8038.0,Nu
1079,M,42,Postliceal,Centru,Rural,3966.0,Nu
1080,M,54,Gimnaziu,Nord-Vest,Urban,4764.0,Da
1081,M,44,Primar,Bucuresti-Ilfov,Rural,4629.0,Nu
1082,F,35,Facultate,Vest,Urban,6165.0,Nu
1083,M,35,Facultate,Sud-Est,Urban,7113.0,Da
1084,F,50,Postliceal,Sud-Muntenia,Urban,3836.0,Nu
1085,M,52,Doctorat,Nord-Est,Urban,7314.0,Da
1086,M,48,Primar,Bucuresti-Ilfov,Rural,6277.0,Da
1087,F,50,Facultate,Vest,Rural,5858.0,Nu
1088,F,49,Liceu,Sud-Est,Urban,3609.0,Nu
1089,F,23,Postliceal,Bucuresti-Ilfov,Rural,5001.0,Nu
1090,M,51,Profesional,Sud-Est,Rural,3913.0,Nu
1091,F,43,Gimnaziu,Bucuresti-Ilfov,Urban,5489.0,Nu
1092,M,26,Liceu,Sud-Muntenia,Urban,4100.0,Da
1093,M,67,Gimnaziu,Bucuresti-Ilfov,Urban,6459.0,Nu
1094,F,46,Facultate,Nord-Vest,Urban,5996.0,Nu
1095,M,31,Liceu,Nord-Est,Rural,3107.0,Da
1096,M,57,Masterat,Sud-Est,Urban,5928.0,Da
1097,M,45,Facultate,Nord-Est,Urban,5516.0,Nu
1098,M,60,Facultate,Sud-Muntenia,Rural,4994.0,Nu
1099,M,34,Liceu,Bucuresti-Ilfov,Urban,5485.0,Nu
1100,F,35,Postliceal,Sud-Muntenia,Rural,2787.0,Nu
1101,F,34,Masterat,Sud-Muntenia,Urban,6065.0,Nu
1102,F,64,Liceu,Sud-Muntenia,Rural,4172.0,Da
1103,F,41,Facultate,Sud-Vest Oltenia,Rural,5315.0,Da
1104,M,39,Profesional,Nord-Vest,Rural,2715.0,Nu
1105,F,28,Profesional,Centru,Urban,3334.0,Nu
1106,M,36,Gimnaziu,Nord-Est,Urban,4071.0,Da
1107,F,38,Liceu,Nord-Est,Rural,3304.0,Da
1108,M,41,Profesional,Sud-Muntenia,Urban,5223.0,Da
1109,F,40,Profesional,Centru,Urban,3558.0,Da
1110,M,43,Liceu,Sud-Vest Oltenia,Urban,4866.0,Da
1111,M,44,Liceu,Bucuresti-Ilfov,Rural,5506.0,Da
1112,M,38,Profesional,Sud-Vest Oltenia,Rural,2969.0,Da
1113,M,41,Profesional,Nord-Est,Rural,2507.0,Da
1114,M,45,Facultate,Centru,Urban,6187.0,Da
1115,F,18,Gimnaziu,Sud-Est,Urban,3245.0,Nu
1116,F,54,Liceu,Nord-Vest,Urban,5259.0,Nu
1117,M,34,Postliceal,Vest,Rural,3933.0,Da
1118,M,50,Gimnaziu,Nord-Vest,Rural,4508.0,Nu
1119,M,53,Postliceal,Nord-Vest,Rural,4394.0,Nu
1120,M,28,Facultate,Bucuresti-Ilfov,Urban,7444.0,Da
1121,F,29,Facultate,Nord-Vest,Rural,4483.0,Da
1122,M,36,Liceu,Vest,Urban,5361.0,Nu
1123,F,34,Masterat,Sud-Vest Oltenia,Urban,4713.0,Nu
1124,M,46,Masterat,Nord-Est,Urban,7127.0,Nu
1125,F,38,Liceu,Nord-Est,Rural,2243.0,Nu
1126,M,45,Liceu,Nord-Est,Urban,4092.0,Nu
1127,F,62,Primar,Nord-Est,Urban,3772.0,Nu
1128,M,34,Facultate,Bucuresti-Ilfov,Rural,6690.0,Da
1129,M,43,Gimnaziu,Nord-Vest,Rural,3978.0,Da
1130,M,36,Facultate,Vest,Urban,6938.0,Nu
1131,M,47,Profesional,Bucuresti-Ilfov,Rural,5405.0,Nu
1132,M,61,Facultate,Vest,Rural,6034.0,Da
1133,M,35,Postliceal,Sud-Muntenia,Rural,3886.0,Da
1134,M,43,Gimnaziu,Centru,Urban,4088.0,Da
1135,M,67,Postliceal,Vest,Rural,4879.0,Nu
1136,M,67,Primar,Centru,Urban,5634.0,Da
1137,F,34,Profesional,Sud-Vest Oltenia,Rural,2242.0,Da
1138,F,18,Liceu,Vest,Rural,3015.0,Nu
1139,M,53,Profesional,Sud-Muntenia,Urban,4888.0,Da
1140,M,36,Profesional,Sud-Vest Oltenia,Urban,4398.0,Nu
1141,F,43,Liceu,Bucuresti-Ilfov,Urban,5830.0,Nu
1142,F,19,Facultate,Nord-Vest,Urban,5307.0,Nu
1143,F,36,Gimnaziu,Centru,Rural,2236.0,Nu
1144,M,49,Profesional,Sud-Vest Oltenia,Urban,4657.0,Nu
1145,M,39,Liceu,Centru,Urban,3982.0,Da
1146,F,45,Masterat,Sud-Muntenia,Rural,4717.0,Da
1147,M,31,Postliceal,Nord-Est,Rural,3745.0,Da
1148,M,65,Facultate,Sud-Muntenia,Urban,5972.0,Da
1149,F,47,Masterat,Centru,Rural,6043.0,Nu
1150,M,61,Profesional,Sud-Vest Oltenia,Urban,5181.0,Nu
1151,M,27,Liceu,Vest,Urban,,Da
1152,F,38,Postliceal,Sud-Est,Rural,3738.0,Nu
1153,M,54,Liceu,Sud-Est,Rural,3491.0,Nu
1154,M,41,Gimnaziu,Bucuresti-Ilfov,Rural,,Da
1155,F,33,Doctorat,Bucuresti-Ilfov,Urban,8896.0,Nu
1156,F,21,Profesional,Bucuresti-Ilfov,Urban,4655.0,Nu
1157,M,60,,Sud-Vest Oltenia,Urban,4786.0,Nu
1158,M,38,Gimnaziu,Sud-Muntenia,Urban,4520.0,Nu
1159,F,42,Liceu,Centru,Urban,3678.0,Nu
1160,F,32,Postliceal,Nord-Est,Urban,2940.0,Nu
1161,F,45,Liceu,Sud-Vest Oltenia,Urban,3681.0,Nu
1162,F,55,Liceu,Bucuresti-Ilfov,Urban,5502.0,Da
1163,F,46,Facultate,Sud-Vest Oltenia,Urban,5001.0,Da
1164,F,46,Liceu,Bucuresti-Ilfov,Rural,4739.0,Da
1165,M,48,Postliceal,Bucuresti-Ilfov,Rural,5780.0,Da
1166,F,33,Liceu,Sud-Est,Urban,3599.0,Nu
1167,F,40,Liceu,Sud-Est,Rural,2233.0,Da
1168,M,18,Liceu,Bucuresti-Ilfov,Rural,4954.0,Da
1169,F,41,Liceu,Nord-Est,Urban,3505.0,Nu
1170,M,56,Liceu,Nord-Vest,Rural,4455.0,Nu
1171,M,41,Primar,Nord-Est,Rural,2255.0,Nu
1172,M,21,Liceu,Bucuresti-Ilfov,Urban,5325.0,Nu
1173,F,28,Primar,Sud-Est,Urban,3307.0,Da
1174,F,38,Facultate,Nord-Est,Urban,4796.0,Da
1175,F,54,Primar,Vest,Urban,4932.0,Nu
1176,F,32,Liceu,Bucuresti-Ilfov,Urban,6050.0,Da
1177,F,42,Postliceal,Sud-Vest Oltenia,Urban,4093.0,Nu
1178,M,39,Liceu,Vest,Urban,5812.0,Nu
1179,M,45,Postliceal,Sud-Vest Oltenia,Urban,4439.0,Nu
1180,F,36,Gimnaziu,Sud-Est,Urban,3647.0,Nu
1181,M,43,Masterat,Centru,Urban,7478.0,Da
1182,F,50,Masterat,Nord-Vest,Rural,5592.0,Da
1183,F,28,Masterat,Sud-Est,Rural,4854.0,Nu
1184,F,56,Liceu,Sud-Muntenia,Urban,2782.0,Nu
1185,F,29,Liceu,Nord-Vest,Rural,3574.0,Nu
1186,M,48,Profesional,Vest,Urban,5171.0,Nu
1187,F,35,Primar,Nord-Vest,Urban,4085.0,Da
1188,M,28,Facultate,Bucuresti-Ilfov,Rural,5952.0,Da
1189,F,58,Gimnaziu,Centru,Urban,3080.0,Da
1190,M,18,Facultate,Centru,Rural,5149.0,Nu
1191,F,31,Masterat,Sud-Muntenia,Rural,5147.0,Da
1192,M,21,Profesional,Bucuresti-Ilfov,Urban,5297.0,Nu
1193,F,45,Liceu,Nord-Vest,Rural,3501.0,Da
1194,F,39,Doctorat,Centru,Rural,5784.0,Nu
1195,M,18,Liceu,Centru,Rural,2588.0,Nu
1196,M,61,Liceu,Nord-Vest,Urban,5458.0,Da
1197,F,57,Profesional,Sud-Est,Urban,3858.0,Nu
1198,M,32,Facultate,Sud-Vest Oltenia,Urban,5841.0,Nu
1199,F,52,Facultate,Nord-Est,Rural,4192.0,Nu
1200,F,26,Liceu,Nord-Vest,Urban,3807.0,Nu
1201,F,41,Facultate,Vest,Rural,4097.0,Nu
1202,M,39,Facultate,Sud-Est,Urban,4476.0,Nu
1203,F,31,Facultate,Nord-Est,Urban,4720.0,Da
1204,F,50,Profesional,Nord-Vest,Rural,3959.0,Nu
1205,F,23,Liceu,Bucuresti-Ilfov,Urban,4572.0,Nu
1206,M,56,Facultate,Bucuresti-Ilfov,Urban,8601.0,Da
1207,F,53,,Sud-Est,Urban,3695.0,Nu
1208,M,67,Masterat,Bucuresti-Ilfov,Rural,7968.0,Da
1209,M,29,Liceu,Sud-Est,Rural,2535.0,Nu
1210,F,21,Profesional,Nord-Est,Rural,2200.0,Nu
1211,M,42,Profesional,Centru,Urban,4632.0,Nu
1212,M,29,Liceu,Sud-Muntenia,Rural,2300.0,Da
1213,F,26,Liceu,Vest,Urban,4109.0,Da
1214,F,54,Primar,Bucuresti-Ilfov,Urban,4149.0,Nu
1215,F,37,Liceu,Nord-Vest,Urban,4749.0,Nu
1216,M,45,Liceu,Nord-Est,Rural,2862.0,Nu
1217,M,47,Masterat,Nord-Vest,Rural,6167.0,Da
1218,M,41,Postliceal,Sud-Muntenia,Urban,4776.0,Nu
1219,M,48,Primar,Centru,Urban,4654.0,Nu
1220,M,18,Facultate,Nord-Vest,Rural,4950.0,Nu
1221,F,59,Facultate,Bucuresti-Ilfov,Urban,7262.0,Nu
1222,F,46,Liceu,Bucuresti-Ilfov,Rural,3433.0,Nu
1223,M,22,Facultate,Bucuresti-Ilfov,Urban,7860.0,Da
1224,M,44,Liceu,Sud-Est,Rural,3837.0,Nu
1225,F,61,Facultate,Sud-Muntenia,Urban,4964.0,Da
1226,M,41,Gimnaziu,Sud-Est,Urban,4851.0,Nu
1227,F,32,Facultate,Sud-Est,Urban,5852.0,Nu
1228,F,43,Primar,Nord-Est,Urban,3051.0,Nu
1229,F,29,Liceu,Sud-Est,Urban,4457.0,Da
1230,M,65,,Centru,Urban,5354.0,Da
1231,M,42,Doctorat,Nord-Est,Urban,7754.0,Nu
1232,M,44,Masterat,Nord-Vest,Urban,6838.0,Nu
1233,M,61,Masterat,Sud-Muntenia,Urban,7146.0,Da
1234,M,55,Liceu,Centru,Urban,5332.0,Da
1235,F,56,Profesional,Centru,Urban,4907.0,Nu
1236,M,37,Masterat,Bucuresti-Ilfov,Rural,8342.0,Nu
1237,F,44,Liceu,Centru,Rural,2561.0,Nu
1238,M,58,Liceu,Sud-Est,Urban,3934.0,Da
1239,F,42,Facultate,Sud-Est,Urban,,Da
1240,M,60,Masterat,Nord-Est,Urban,6982.0,Da
1241,F,58,Gimnaziu,Nord-Vest,Urban,4311.0,Da
1242,F,51,Postliceal,Sud-Muntenia,Urban,4028.0,Da
1243,F,49,Facultate,Nord-Vest,Urban,5810.0,Nu
1244,M,26,Facultate,Sud-Est,Rural,5266.0,Nu
1245,M,40,Postliceal,Nord-Vest,Urban,5309.0,Da
1246,M,46,Profesional,Nord-Est,Rural,4464.0,Nu
1247,M,44,Masterat,Sud-Vest Oltenia,Urban,6629.0,Da
1248,M,34,Facultate,Sud-Est,Urban,6179.0,Da
1249,F,42,Masterat,Nord-Est,Rural,4275.0,Nu
1250,M,58,Liceu,Sud-Muntenia,Urban,4268.0,Nu
1251,F,33,Gimnaziu,Sud-Est,Urban,4377.0,Da
1252,M,33,Profesional,Sud-Muntenia,Rural,2842.0,Nu
1253,M,40,Facultate,Nord-Est,Urban,6595.0,Nu
1254,M,51,Facultate,Sud-Vest Oltenia,Urban,6204.0,Nu
1255,M,63,Liceu,Sud-Vest Oltenia,Urban,3969.0,Da
1256,M,52,Liceu,Sud-Vest Oltenia,Rural,3348.0,Nu
1257,M,67,Facultate,Sud-Vest Oltenia,Urban,5456.0,Da
1258,F,44,Profesional,Vest,Rural,3897.0,Da
1259,M,41,Masterat,Nord-Vest,Urban,6251.0,Nu
1260,F,29,Gimnaziu,Sud-Vest Oltenia,Rural,2607.0,Nu
1261,M,28,Profesional,Sud-Est,Urban,3724.0,Nu
1262,M,46,Postliceal,Sud-Est,Urban,5914.0,Da
1263,F,29,Facultate,Sud-Muntenia,Rural,3724.0,Da
1264,M,50,Liceu,Bucuresti-Ilfov,Urban,5885.0,Nu
1265,M,27,Liceu,Bucuresti-Ilfov,Urban,5775.0,Nu
1266,F,43,Liceu,Sud-Est,Urban,4067.0,Nu
1267,F,41,Gimnaziu,Bucuresti-Ilfov,Rural,5255.0,Da
1268,M,28,Primar,Sud-Muntenia,Urban,3827.0,Da
1269,F,30,Primar,Sud-Muntenia,Rural,2200.0,Da
1270,F,23,Primar,Sud-Muntenia,Urban,2258.0,Nu
1271,F,59,Gimnaziu,Bucuresti-Ilfov,Urban,5371.0,Da
1272,F,34,Liceu,Bucuresti-Ilfov,Rural,4473.0,Da
1273,M,21,Postliceal,Nord-Est,Urban,2687.0,Da
1274,M,54,Facultate,Sud-Muntenia,Urban,7068.0,Nu
1275,M,29,Liceu,Sud-Est,Rural,3134.0,Nu
1276,F,43,Masterat,Sud-Vest Oltenia,Rural,5281.0,Nu
1277,F,51,Facultate,Nord-Vest,Urban,5436.0,Da
1278,F,60,Profesional,Sud-Est,Rural,2517.0,Da
1279,F,61,Liceu,Sud-Muntenia,Rural,4226.0,Nu
1280,F,40,Facultate,Nord-Vest,Urban,6188.0,Da
1281,F,50,Liceu,Vest,Urban,3712.0,Nu
1282,M,59,Facultate,Sud-Muntenia,Urban,5800.0,Nu
1283,M,20,Postliceal,Nord-Est,Rural,2690.0,Da
1284,M,53,Masterat,Sud-Muntenia,Rural,5816.0,Da
1285,F,61,Profesional,Nord-Est,Urban,3185.0,Nu
1286,F,45,Postliceal,Nord-Est,Rural,3017.0,Da
1287,F,36,Profesional,Sud-Vest Oltenia,Urban,3094.0,Nu
1288,M,32,Facultate,Bucuresti-Ilfov,Urban,7229.0,Da
1289,F,62,Profesional,Nord-Vest,Rural,4119.0,Da
1290,M,35,Liceu,Sud-Muntenia,Rural,2331.0,Nu
1291,M,44,Liceu,Sud-Vest Oltenia,Rural,2925.0,Da
1292,F,59,Gimnaziu,Bucuresti-Ilfov,Urban,5517.0,Nu
1293,M,29,Masterat,Centru,Rural,6926.0,Da
1294,F,43,Gimnaziu,Nord-Est,Rural,2200.0,Da
1295,M,53,Facultate,Nord-Vest,Rural,5829.0,Da
1296,F,38,Facultate,Bucuresti-Ilfov,Rural,5982.0,Nu
1297,M,44,Gimnaziu,Vest,Rural,3520.0,Nu
1298,F,38,Masterat,Sud-Est,Urban,5407.0,Da
1299,F,49,Postliceal,Bucuresti-Ilfov,Rural,5382.0,Nu
1300,F,66,Liceu,Nord-Est,Urban,3292.0,Nu
1301,M,28,Liceu,Sud-Muntenia,Rural,2509.0,Nu
1302,M,39,Liceu,Bucuresti-Ilfov,Urban,4700.0,Nu
1303,F,44,Liceu,Sud-Est,Urban,4495.0,Da
1304,F,41,Facultate,Vest,Urban,6108.0,Da
1305,F,45,Facultate,Bucuresti-Ilfov,Rural,6159.0,Nu
1306,F,63,Masterat,Sud-Est,Urban,5984.0,Nu
1307,M,34,Primar,Nord-Est,Rural,2200.0,Nu
1308,F,50,Masterat,Centru,Urban,5959.0,Nu
1309,M,53,Primar,Vest,Urban,5055.0,Da
1310,F,49,Profesional,Nord-Est,Rural,2315.0,Nu
1311,M,27,Masterat,Sud-Vest Oltenia,Rural,4434.0,Nu
1312,F,45,Masterat,Sud-Muntenia,Urban,5507.0,Nu
1313,F,23,Facultate,Vest,Rural,5610.0,Nu
1314,F,40,Doctorat,Sud-Est,Urban,6394.0,Da
1315,M,40,Postliceal,Bucuresti-Ilfov,Urban,6922.0,Nu
1316,M,34,Liceu,Nord-Est,Rural,3255.0,Nu
1317,F,31,Liceu,Nord-Est,Rural,2479.0,Nu
1318,F,64,Liceu,Nord-Est,Urban,4418.0,Nu
1319,M,39,Facultate,Nord-Est,Rural,4353.0,Da
1320,F,41,Gimnaziu,Centru,Rural,2200.0,Nu
1321,M,61,Profesional,Sud-Vest Oltenia,Urban,3701.0,Nu
1322,M,51,Postliceal,Bucuresti-Ilfov,Rural,4938.0,Nu
1323,M,33,Liceu,Centru,Rural,3608.0,Da
1324,F,32,Masterat,Sud-Est,Urban,5389.0,Nu
1325,F,50,Facultate,Bucuresti-Ilfov,Urban,6907.0,Da
1326,F,42,Liceu,Sud-Muntenia,Urban,3447.0,Nu
1327,F,18,Facultate,Centru,Urban,5125.0,Da
1328,M,46,Liceu,Bucuresti-Ilfov,Rural,6183.0,Da
1329,F,43,Profesional,Bucuresti-Ilfov,Urban,5801.0,Da
1330,M,63,Liceu,Nord-Est,Urban,4377.0,Da
1331,F,30,Postliceal,Sud-Vest Oltenia,Urban,3683.0,Nu
1332,F,47,Liceu,Bucuresti-Ilfov,Urban,5082.0,Da
1333,M,42,Gimnaziu,Vest,Rural,2989.0,Nu
1334,F,22,Liceu,Nord-Vest,Urban,3422.0,Da
1335,M,33,Facultate,Nord-Est,Urban,4704.0,Da
1336,F,36,Liceu,Nord-Vest,Rural,3732.0,Da
1337,F,21,Gimnaziu,Sud-Muntenia,Urban,3231.0,Da
1338,F,59,Liceu,Nord-Est,Urban,3047.0,Nu
1339,M,31,Postliceal,Nord-Vest,Rural,3438.0,Da
1340,M,43,Liceu,Vest,Rural,4916.0,Da
1341,M,59,Facultate,Centru,Urban,7338.0,Nu
1342,F,38,Profesional,Sud-Est,Urban,4019.0,Da
1343,M,49,Facultate,Nord-Vest,Urban,6662.0,Nu
1344,F,36,Postliceal,Nord-Vest,Urban,5215.0,Da
1345,M,27,Gimnaziu,Sud-Est,Urban,3484.0,Nu
1346,F,30,Liceu,Bucuresti-Ilfov,Urban,4723.0,Da
1347,M,44,Liceu,Bucuresti-Ilfov,Rural,5576.0,Nu
1348,M,38,Facultate,Sud-Vest Oltenia,Rural,4763.0,Da
1349,M,56,Facultate,Nord-Vest,Urban,6448.0,Da
1350,F,24,Liceu,Sud-Muntenia,Rural,2271.0,Da
1351,M,47,Liceu,Nord-Est,Urban,3894.0,Nu
1352,F,43,Masterat,Bucuresti-Ilfov,Rural,8404.0,Da
1353,F,44,Masterat,Sud-Est,Rural,4840.0,Da
1354,F,46,Liceu,Nord-Vest,Rural,3570.0,Nu
1355,F,30,Profesional,Bucuresti-Ilfov,Urban,4858.0,Da
1356,M,35,Facultate,Centru,Rural,4993.0,Nu
1357,F,47,Profesional,Nord-Vest,Urban,4773.0,Nu
1358,M,46,Gimnaziu,Bucuresti-Ilfov,Rural,4112.0,Da
1359,F,57,Primar,Sud-Muntenia,Urban,4837.0,Nu
1360,M,22,Facultate,Bucuresti-Ilfov,Urban,7485.0,Da
1361,F,67,Profesional,Nord-Vest,Urban,3847.0,Da
1362,F,61,Liceu,Centru,Urban,5262.0,Nu
1363,F,50,Facultate,Bucuresti-Ilfov,Rural,5486.0,Nu
1364,M,37,Liceu,Sud-Muntenia,Urban,4287.0,Da
1365,F,38,Liceu,Bucuresti-Ilfov,Rural,4184.0,Da
1366,F,62,Gimnaziu,Sud-Muntenia,Urban,2735.0,Nu
1367,F,67,Facultate,Vest,Rural,5258.0,Nu
1368,F,56,Facultate,Sud-Muntenia,Rural,3284.0,Nu
1369,F,39,Primar,Sud-Est,Rural,2485.0,Nu
1370,F,34,Liceu,Centru,Rural,3202.0,Nu
1371,F,54,Facultate,Sud-Est,Rural,5645.0,Nu
1372,F,36,Facultate,Nord-Vest,Urban,6897.0,Nu
1373,F,43,Postliceal,Centru,Urban,5364.0,Nu
1374,M,39,Liceu,Sud-Vest Oltenia,Urban,3660.0,Da
1375,F,52,Masterat,Nord-Vest,Urban,7288.0,Nu
1376,F,56,Postliceal,Sud-Est,Urban,4565.0,Nu
1377,F,43,Masterat,Sud-Muntenia,Rural,5131.0,Nu
1378,M,30,Masterat,Nord-Est,Rural,4204.0,Da
1379,M,49,Gimnaziu,Nord-Est,Urban,3393.0,Da
1380,F,49,Masterat,Bucuresti-Ilfov,Rural,7124.0,Nu
1381,F,52,Facultate,Sud-Muntenia,Rural,5560.0,Nu
1382,M,29,Liceu,Sud-Vest Oltenia,Rural,3704.0,Da
1383,F,23,Facultate,Nord-Est,Rural,3009.0,Da
1384,F,31,Facultate,Vest,Urban,4664.0,Da
1385,M,38,Facultate,Sud-Est,Rural,4664.0,Da
1386,M,56,Facultate,Centru,Urban,6043.0,Da
1387,M,34,Liceu,Sud-Vest Oltenia,Rural,2757.0,Nu
1388,F,36,Facultate,Nord-Est,Urban,5228.0,Da
1389,M,38,Masterat,Sud-Est,Urban,6764.0,Da
1390,F,30,Liceu,Sud-Muntenia,Urban,4174.0,Nu
1391,F,39,Facultate,Sud-Muntenia,Rural,2925.0,Nu
1392,M,51,Postliceal,Sud-Vest Oltenia,Urban,6521.0,Da
1393,M,25,,Bucuresti-Ilfov,Urban,6629.0,Nu
1394,M,51,Masterat,Centru,Rural,6637.0,Nu
1395,M,37,Primar,Centru,Urban,3671.0,Nu
1396,F,20,Facultate,Vest,Urban,6369.0,Nu
1397,M,53,Liceu,Nord-Est,Urban,4526.0,Nu
1398,M,30,Doctorat,Sud-Muntenia,Urban,7672.0,Da
1399,F,48,Liceu,Nord-Vest,Urban,5062.0,Da
1400,F,20,Facultate,Bucuresti-Ilfov,Rural,5514.0,Da
1401,M,46,Masterat,Vest,Rural,6809.0,Da
1402,F,35,Liceu,Sud-Vest Oltenia,Urban,3459.0,Da
1403,M,37,Profesional,Sud-Muntenia,Urban,3948.0,Nu
1404,F,18,Profesional,Sud-Muntenia,Rural,2408.0,Nu
1405,F,33,Gimnaziu,Sud-Muntenia,Rural,3368.0,Da
1406,F,44,Profesional,Nord-Est,Rural,3359.0,Nu
1407,F,41,Gimnaziu,Sud-Est,Urban,3798.0,Nu
1408,F,44,Liceu,Bucuresti-Ilfov,Urban,5854.0,Nu
1409,M,53,Facultate,Sud-Vest Oltenia,Urban,5931.0,Da
1410,F,51,Liceu,Nord-Est,Urban,3603.0,Nu
1411,M,26,Liceu,Sud-Muntenia,Rural,2989.0,Da
1412,F,53,Liceu,Sud-Muntenia,Rural,2543.0,Da
1413,M,42,Facultate,Nord-Est,Urban,6743.0,Da
1414,M,54,Gimnaziu,Nord-Vest,Urban,4163.0,Nu
1415,M,37,Facultate,Sud-Est,Urban,5063.0,Da
1416,F,29,Postliceal,Centru,Urban,4192.0,Nu
1417,M,47,Liceu,Vest,Urban,5096.0,Da
1418,F,67,Profesional,Nord-Est,Rural,2501.0,Nu
1419,F,49,Masterat,Sud-Est,Urban,6481.0,Da
1420,M,41,Masterat,Bucuresti-Ilfov,Urban,8125.0,Nu
1421,F,29,Profesional,Sud-Muntenia,Urban,3859.0,Nu
1422,F,54,Liceu,Bucuresti-Ilfov,Urban,6240.0,Nu
1423,M,37,Facultate,Sud-Vest Oltenia,Urban,5640.0,Nu
1424,M,33,Gimnaziu,Sud-Est,Urban,4102.0,Nu
1425,M,31,Liceu,Vest,Urban,4437.0,Da
1426,M,67,Postliceal,Nord-Est,Rural,4156.0,Nu
1427,F,38,Profesional,Centru,Rural,2200.0,Nu
1428,F,36,Liceu,Nord-Est,Urban,2392.0,Nu
1429,F,53,Masterat,Nord-Vest,Urban,5805.0,Nu
1430,F,31,Masterat,Sud-Muntenia,Urban,5758.0,Da
1431,F,44,Liceu,Centru,Rural,4019.0,Da
1432,F,56,Liceu,Nord-Vest,Urban,4467.0,Nu
1433,F,65,Facultate,Nord-Est,Urban,4514.0,Da
1434,F,45,Facultate,Sud-Vest Oltenia,Urban,5109.0,Nu
1435,F,51,Doctorat,Sud-Muntenia,Urban,6607.0,Da
1436,F,27,Profesional,Centru,Urban,4540.0,Da
1437,M,45,Liceu,Sud-Vest Oltenia,Urban,4047.0,Nu
1438,F,50,Facultate,Vest,Rural,5141.0,Da
1439,M,32,Liceu,Sud-Est,Rural,3189.0,Da
1440,M,36,Liceu,Nord-Vest,Rural,3757.0,Da
1441,F,47,Postliceal,Vest,Urban,5508.0,Nu
1442,M,28,Liceu,Sud-Muntenia,Rural,2262.0,Nu
1443,M,48,Liceu,Sud-Muntenia,Urban,5031.0,Nu
1444,M,40,Postliceal,Nord-Est,Urban,5197.0,Da
1445,F,50,,Bucuresti-Ilfov,Rural,4961.0,Nu
1446,M,47,Postliceal,Sud-Est,Urban,5695.0,Da
1447,M,50,Facultate,Sud-Muntenia,Urban,6968.0,Nu
1448,M,22,Doctorat,Bucuresti-Ilfov,Urban,8117.0,Da
1449,M,50,Gimnaziu,Nord-Est,Rural,2200.0,Nu
1450,M,61,Doctorat,Sud-Muntenia,Rural,6533.0,Da
1451,F,43,Postliceal,Sud-Vest Oltenia,Rural,4019.0,Da
1452,M,31,Masterat,Sud-Est,Urban,6269.0,Nu
1453,F,59,Primar,Bucuresti-Ilfov,Urban,5265.0,Da
1454,F,32,Liceu,Bucuresti-Ilfov,Urban,5930.0,Nu
1455,F,42,Profesional,Nord-Est,Urban,4576.0,Nu
1456,M,37,Profesional,Nord-Est,Urban,5116.0,Nu
1457,M,24,Facultate,Nord-Vest,Urban,6196.0,Nu
1458,M,40,Liceu,Vest,Urban,4227.0,Nu
1459,M,33,Liceu,Sud-Est,Urban,4950.0,Da
1460,F,54,Liceu,Sud-Est,Urban,4056.0,Nu
1461,M,55,Profesional,Sud-Muntenia,Rural,2829.0,Da
1462,M,43,Facultate,Sud-Vest Oltenia,Rural,5170.0,Da
1463,F,42,Masterat,Sud-Est,Urban,,Nu
1464,F,38,Liceu,Sud-Est,Rural,3797.0,Da
1465,M,45,Facultate,Nord-Vest,Urban,6779.0,Da
1466,M,37,Facultate,Sud-Est,Rural,4868.0,Nu
1467,M,18,Liceu,Centru,Rural,3130.0,Da
1468,M,67,Postliceal,Nord-Est,Rural,3973.0,Nu
1469,F,58,Liceu,Sud-Muntenia,Urban,3806.0,Nu
1470,M,47,Liceu,Nord-Vest,Rural,3315.0,Nu
1471,M,61,Gimnaziu,Centru,Urban,4192.0,Da
1472,M,47,Liceu,Sud-Vest Oltenia,Urban,3615.0,Nu
1473,F,67,Facultate,Centru,Urban,6309.0,Nu
1474,F,34,Masterat,Sud-Vest Oltenia,Urban,5201.0,Da
1475,F,37,Gimnaziu,Bucuresti-Ilfov,Rural,3997.0,Nu
1476,F,48,Liceu,Sud-Muntenia,Rural,3680.0,Nu
1477,M,36,Liceu,Sud-Muntenia,Urban,4019.0,Da
1478,M,44,Facultate,Sud-Vest Oltenia,Urban,5425.0,Nu
1479,F,37,Masterat,Nord-Vest,Urban,6349.0,Nu
1480,F,48,Facultate,Sud-Vest Oltenia,Urban,5662.0,Da
1481,M,38,Profesional,Sud-Muntenia,Rural,2996.0,Nu
1482,M,49,Masterat,Bucuresti-Ilfov,Rural,7974.0,Nu
1483,M,35,Liceu,Vest,Urban,4183.0,Nu
1484,F,38,Liceu,Nord-Est,Rural,2200.0,Da
1485,M,57,Masterat,Centru,Rural,6601.0,Da
1486,M,48,Facultate,Sud-Muntenia,Rural,6116.0,Nu
1487,M,38,Postliceal,Nord-Vest,Rural,4016.0,Da
1488,M,41,Masterat,Sud-Est,Rural,5489.0,Da
1489,M,35,Profesional,Centru,Rural,3900.0,Da
1490,M,51,Liceu,Nord-Vest,Urban,4871.0,Da
1491,F,48,Liceu,Sud-Est,Urban,4232.0,Da
1492,F,52,Profesional,Sud-Est,Urban,4291.0,Nu
1493,F,64,Facultate,Centru,Urban,6712.0,Nu
1494,M,51,Facultate,Nord-Est,Urban,5509.0,Nu
1495,M,39,Gimnaziu,Nord-Vest,Rural,4106.0,Da
1496,F,51,Gimnaziu,Bucuresti-Ilfov,Rural,4395.0,Nu
1497,M,46,Liceu,Sud-Muntenia,Rural,3503.0,Nu
1498,M,53,Profesional,Sud-Vest Oltenia,Urban,4543.0,Nu
1499,F,32,Profesional,Sud-Est,Rural,2647.0,Da
1500,F,44,Facultate,Nord-Est,Rural,3082.0,Nu
1501,F,43,Masterat,Nord-Est,Urban,5939.0,Da
1502,F,49,Profesional,Vest,Urban,3951.0,Nu
1503,M,30,Primar,Nord-Vest,Urban,4874.0,Da
1504,F,42,Facultate,Centru,Urban,6229.0,Nu
1505,M,61,Postliceal,Bucuresti-Ilfov,Rural,6007.0,Nu
1506,M,34,Facultate,Nord-Est,Rural,5232.0,Nu
1507,F,43,Masterat,Vest,Rural,6065.0,Da
1508,F,24,Postliceal,Nord-Est,Urban,4266.0,Da
1509,M,18,Facultate,Vest,Urban,6484.0,Da
1510,F,58,Gimnaziu,Centru,Rural,3954.0,Nu
1511,M,30,Postliceal,Nord-Vest,Urban,5272.0,Da
1512,M,27,Liceu,Bucuresti-Ilfov,Urban,5846.0,Nu
1513,F,60,Liceu,Bucuresti-Ilfov,Rural,3765.0,Nu
1514,M,18,Liceu,Sud-Muntenia,Rural,2200.0,Nu
1515,F,48,Facultate,Nord-Est,Urban,5911.0,Nu
1516,M,55,Masterat,Sud-Muntenia,Urban,5940.0,Da
1517,M,45,Liceu,Sud-Vest Oltenia,Rural,3015.0,Nu
1518,F,33,Liceu,Centru,Urban,3864.0,Nu
1519,M,40,Facultate,Nord-Est,Urban,5341.0,Da
1520,F,35,Facultate,Nord-Est,Rural,3022.0,Nu
1521,M,56,Liceu,Sud-Vest Oltenia,Urban,4222.0,Da
1522,M,30,Liceu,Nord-Vest,Urban,4264.0,Nu
1523,M,38,Masterat,Nord-Est,Urban,6159.0,Da
1524,M,50,Facultate,Vest,Rural,5652.0,Nu
1525,F,18,Facultate,Centru,Rural,5204.0,Nu
1526,F,18,Gimnaziu,Sud-Est,Urban,3776.0,Nu
1527,F,22,Profesional,Centru,Urban,4175.0,Nu
1528,M,61,Liceu,Nord-Est,Rural,3953.0,Da
1529,F,60,Facultate,Nord-Vest,Rural,5683.0,Da
1530,F,58,Profesional,Centru,Urban,4728.0,Da
1531,M,39,Facultate,Nord-Vest,Rural,6881.0,Nu
1532,M,44,Liceu,Nord-Vest,Rural,5374.0,Da
1533,M,40,Liceu,Centru,Urban,5258.0,Da
1534,F,46,Postliceal,Nord-Est,Urban,4668.0,Nu
1535,F,28,Liceu,Nord-Vest,Rural,3103.0,Nu
1536,F,37,Facultate,Nord-Vest,Urban,6400.0,Da
1537,M,38,Liceu,Bucuresti-Ilfov,Urban,5764.0,Nu
1538,F,54,Facultate,Nord-Est,Rural,4243.0,Nu
1539,M,38,Liceu,Nord-Est,Rural,2413.0,Nu
1540,F,55,Facultate,Vest,Urban,6301.0,Da
1541,F,18,Facultate,Centru,Urban,5885.0,Nu
1542,M,56,Masterat,Sud-Muntenia,Rural,6335.0,Da
1543,M,43,Profesional,Bucuresti-Ilfov,Rural,5893.0,Nu
1544,M,28,Postliceal,Nord-Est,Urban,3566.0,Nu
1545,F,67,,Vest,Urban,4528.0,Da
1546,M,49,Facultate,Bucuresti-Ilfov,Rural,7325.0,Nu
1547,M,39,Gimnaziu,Vest,Urban,4690.0,Nu
1548,M,27,Gimnaziu,Centru,Rural,,Nu
1549,M,41,,Bucuresti-Ilfov,Urban,8463.0,Da
1550,F,34,Gimnaziu,Sud-Est,Urban,3118.0,Da
1551,M,52,Facultate,Nord-Est,Urban,6065.0,Da
1552,M,42,Facultate,Bucuresti-Ilfov,Urban,8192.0,Da
1553,F,38,Profesional,Nord-Vest,Rural,2765.0,Nu
1554,F,46,Liceu,Centru,Urban,5055.0,Nu
1555,F,31,Facultate,Nord-Est,Urban,5177.0,Da
1556,M,30,Facultate,Nord-Est,Urban,5137.0,Nu
1557,F,67,Facultate,Sud-Vest Oltenia,Rural,4015.0,Da
1558,F,67,Gimnaziu,Sud-Muntenia,Urban,3391.0,Nu
1559,M,30,Liceu,Bucuresti-Ilfov,Urban,5518.0,Nu
1560,M,40,Postliceal,Bucuresti-Ilfov,Urban,8041.0,Da
1561,M,63,Profesional,Nord-Est,Urban,4074.0,Nu
1562,M,40,Liceu,Centru,Rural,4223.0,Nu
1563,M,40,Profesional,Nord-Est,Urban,4559.0,Da
1564,F,31,Liceu,Bucuresti-Ilfov,Urban,4925.0,Nu
1565,F,43,Masterat,Bucuresti-Ilfov,Rural,7142.0,Da
1566,F,40,Facultate,Nord-Vest,Urban,6371.0,Nu
1567,F,26,Facultate,Bucuresti-Ilfov,Rural,5533.0,Nu
1568,F,28,Profesional,Sud-Muntenia,Rural,2214.0,Nu
1569,F,40,Facultate,Sud-Est,Urban,4788.0,Nu
1570,M,48,Facultate,Nord-Vest,Rural,5141.0,Nu
1571,F,34,Facultate,Sud-Muntenia,Rural,4613.0,Da
1572,F,51,Liceu,Vest,Rural,3511.0,Nu
1573,F,48,Liceu,Centru,Rural,3771.0,Nu
1574,M,40,Facultate,Sud-Muntenia,Urban,5927.0,Nu
1575,F,38,Liceu,Nord-Vest,Rural,3598.0,Nu
1576,F,54,Gimnaziu,Vest,Rural,3266.0,Nu
1577,M,51,Profesional,Bucuresti-Ilfov,Urban,7136.0,Da
1578,F,42,Profesional,Nord-Est,Urban,3856.0,Nu
1579,M,55,Profesional,Sud-Muntenia,Urban,5442.0,Nu
1580,M,38,Liceu,Sud-Est,Rural,3404.0,Nu
1581,F,31,Gimnaziu,Bucuresti-Ilfov,Urban,4404.0,Da
1582,M,60,Primar,Sud-Muntenia,Urban,4357.0,Da
1583,F,39,Liceu,Bucuresti-Ilfov,Rural,5332.0,Nu
1584,M,32,Profesional,Bucuresti-Ilfov,Urban,5598.0,Nu
1585,M,30,Gimnaziu,Bucuresti-Ilfov,Rural,4225.0,Da
1586,F,47,Facultate,Bucuresti-Ilfov,Rural,6015.0,Nu
1587,F,46,Postliceal,Sud-Vest Oltenia,Urban,4104.0,Nu
1588,F,45,Liceu,Nord-Vest,Rural,3100.0,Da
1589,M,27,Liceu,Sud-Muntenia,Rural,3287.0,Nu
1590,M,52,Profesional,Bucuresti-Ilfov,Rural,4910.0,Da
1591,F,31,Facultate,Nord-Est,Urban,5059.0,Da
1592,F,37,Primar,Vest,Rural,2860.0,Da
1593,M,20,Primar,Vest,Urban,4235.0,Da
1594,M,54,Facultate,Nord-Est,Rural,4439.0,Da
1595,F,56,Facultate,Nord-Est,Rural,4867.0,Nu
1596,M,37,Gimnaziu,Nord-Vest,Rural,4047.0,Nu
1597,M,44,Facultate,Sud-Est,Urban,6210.0,Da
1598,M,38,Profesional,Nord-Vest,Rural,4173.0,Nu
1599,M,43,Postliceal,Vest,Urban,4697.0,Nu
1600,F,33,Masterat,Sud-Muntenia,Urban,5757.0,Da
1601,M,65,Facultate,Centru,Rural,5378.0,Da
1602,F,28,Liceu,Sud-Muntenia,Urban,3583.0,Nu
1603,M,46,Postliceal,Sud-Vest Oltenia,Urban,5894.0,Da
1604,F,50,Gimnaziu,Vest,Urban,4283.0,Nu
1605,F,48,Liceu,Bucuresti-Ilfov,Urban,5343.0,Da
1606,F,37,Facultate,Nord-Vest,Rural,4641.0,Da
1607,M,58,Profesional,Nord-Vest,Rural,4902.0,Da
1608,F,61,Primar,Sud-Muntenia,Urban,3899.0,Da
1609,F,34,Doctorat,Bucuresti-Ilfov,Urban,8672.0,Da
1610,M,42,Liceu,Sud-Est,Rural,3659.0,Nu
1611,F,60,Postliceal,Centru,Urban,5249.0,Nu
1612,F,55,Facultate,Sud-Muntenia,Urban,5605.0,Nu
1613,F,41,Facultate,Nord-Vest,Urban,5381.0,Nu
1614,F,41,Facultate,Vest,Urban,4375.0,Nu
1615,F,57,Gimnaziu,Bucuresti-Ilfov,Urban,4659.0,Nu
1616,F,46,Primar,Nord-Vest,Urban,4867.0,Da
1617,M,48,Profesional,Nord-Vest,Urban,4759.0,Da
1618,M,63,Liceu,Nord-Vest,Urban,4008.0,Nu
1619,M,57,Profesional,Sud-Est,Rural,3674.0,Nu
1620,F,43,Liceu,Nord-Est,Urban,3761.0,Da
1621,F,39,Liceu,Sud-Est,Rural,3202.0,Nu
1622,M,26,Liceu,Sud-Est,Urban,3197.0,Da
1623,F,44,Facultate,Nord-Est,Rural,4641.0,Da
1624,F,29,Masterat,Nord-Est,Rural,5200.0,Nu
1625,F,47,Facultate,Vest,Urban,5368.0,Nu
1626,M,42,Liceu,Nord-Est,Urban,4214.0,Nu
1627,M,33,Liceu,Sud-Est,Rural,2315.0,Nu
1628,F,40,Liceu,Sud-Est,Rural,2235.0,Da
1629,F,65,Profesional,Nord-Vest,Rural,5001.0,Da
1630,F,21,Profesional,Sud-Muntenia,Urban,2497.0,Nu
1631,F,28,Liceu,Sud-Est,Rural,2200.0,Nu
1632,F,18,Liceu,Nord-Vest,Urban,4297.0,Da
1633,M,53,Liceu,Centru,Urban,5271.0,Nu
1634,F,48,Gimnaziu,Vest,Rural,4061.0,Nu
1635,M,37,Masterat,Nord-Est,Urban,6796.0,Da
1636,M,60,Facultate,Sud-Muntenia,Urban,6496.0,Nu
1637,F,41,Facultate,Nord-Vest,Urban,5975.0,Nu
1638,M,32,Masterat,Vest,Urban,8104.0,Nu
1639,M,29,Masterat,Sud-Est,Urban,7034.0,Nu
1640,F,44,Facultate,Centru,Rural,5414.0,Nu
1641,F,43,Doctorat,Nord-Vest,Rural,7418.0,Nu
1642,F,38,Facultate,Centru,Urban,5585.0,Nu
1643,F,63,Primar,Sud-Vest Oltenia,Urban,3331.0,Nu
1644,F,35,Masterat,Nord-Est,Rural,5669.0,Da
1645,F,66,Liceu,Nord-Est,Urban,3963.0,Nu
1646,M,61,Facultate,Sud-Est,Urban,6237.0,Da
1647,M,50,Profesional,Nord-Est,Urban,4999.0,Da
1648,M,28,Profesional,Sud-Muntenia,Rural,2210.0,Da
1649,M,31,Primar,Sud-Est,Urban,3353.0,Da
1650,F,34,Postliceal,Nord-Vest,Urban,3878.0,Nu
1651,M,32,Liceu,Sud-Est,Urban,4900.0,Da
1652,F,47,Liceu,Bucuresti-Ilfov,Rural,4896.0,Nu
1653,F,19,Facultate,Nord-Est,Rural,2675.0,Nu
1654,F,52,Facultate,Bucuresti-Ilfov,Urban,6953.0,Da
1655,M,34,Liceu,Nord-Vest,Rural,3762.0,Nu
1656,F,31,Liceu,Sud-Vest Oltenia,Urban,3897.0,Nu
1657,M,48,Doctorat,Sud-Muntenia,Urban,8382.0,Da
1658,F,32,Profesional,Bucuresti-Ilfov,Urban,5240.0,Nu
1659,M,46,Liceu,Nord-Vest,Rural,5288.0,Nu
1660,F,46,Liceu,Nord-Est,Urban,2900.0,Nu
1661,F,43,Masterat,Sud-Est,Urban,6374.0,Da
1662,F,48,Masterat,Nord-Est,Rural,5344.0,Nu
1663,F,38,Liceu,Sud-Vest Oltenia,Urban,3937.0,Da
1664,M,59,Gimnaziu,Sud-Vest Oltenia,Urban,3837.0,Da
1665,M,39,Postliceal,Vest,Urban,4727.0,Nu
1666,M,59,Facultate,Bucuresti-Ilfov,Urban,9036.0,Nu
1667,F,44,Doctorat,Nord-Vest,Urban,7280.0,Da
1668,F,47,Liceu,Sud-Vest Oltenia,Urban,4415.0,Da
1669,F,46,Doctorat,Centru,Urban,7372.0,Nu
1670,F,45,Gimnaziu,Sud-Muntenia,Rural,3761.0,Nu
1671,F,46,Doctorat,Nord-Vest,Urban,6723.0,Da
1672,M,37,Facultate,Sud-Muntenia,Urban,6046.0,Nu
1673,F,38,Facultate,Nord-Est,Urban,4303.0,Da
1674,M,54,Liceu,Vest,Urban,6105.0,Nu
1675,M,41,Primar,Bucuresti-Ilfov,Urban,5151.0,Da
1676,F,56,Primar,Bucuresti-Ilfov,Urban,5528.0,Nu
1677,F,46,Primar,Nord-Vest,Urban,3786.0,Nu
1678,M,34,Profesional,Bucuresti-Ilfov,Urban,6406.0,Da
1679,M,67,Liceu,Sud-Est,Rural,4505.0,Nu
1680,F,39,Liceu,Bucuresti-Ilfov,Urban,5585.0,Nu
1681,M,34,Facultate,Bucuresti-Ilfov,Rural,7590.0,Da
1682,F,59,Gimnaziu,Sud-Vest Oltenia,Rural,4059.0,Da
1683,M,31,Liceu,Nord-Vest,Rural,4497.0,Nu
1684,F,37,Liceu,Sud-Muntenia,Urban,3019.0,Da
1685,M,36,Liceu,Nord-Est,Urban,3524.0,Nu
1686,F,44,Postliceal,Sud-Est,Urban,3506.0,Da
1687,M,64,Liceu,Bucuresti-Ilfov,Urban,5292.0,Da
1688,M,40,Liceu,Sud-Vest Oltenia,Urban,3544.0,Da
1689,F,33,Profesional,Sud-Vest Oltenia,Urban,2745.0,Nu
1690,F,43,Liceu,Nord-Est,Urban,3641.0,Da
1691,M,51,Profesional,Sud-Est,Rural,2597.0,Da
1692,M,51,Facultate,Nord-Est,Rural,5101.0,Nu
1693,M,41,Liceu,Nord-Vest,Rural,4145.0,Da
1694,F,61,Liceu,Centru,Rural,3333.0,Nu
1695,M,57,Facultate,Vest,Urban,6449.0,Da
1696,M,52,Primar,Sud-Est,Urban,4370.0,Nu
1697,M,50,Facultate,Sud-Muntenia,Urban,6840.0,Da
1698,F,51,,Bucuresti-Ilfov,Urban,7432.0,Da
1699,M,27,Liceu,Centru,Rural,3030.0,Nu
1700,M,38,Masterat,Bucuresti-Ilfov,Rural,7261.0,Da
1701,F,40,Facultate,Nord-Vest,Rural,4806.0,Nu
1702,F,29,Liceu,Sud-Muntenia,Rural,2805.0,Nu
1703,F,58,Liceu,Nord-Est,Urban,3418.0,Da
1704,M,19,Liceu,Centru,Rural,3938.0,Nu
1705,M,45,Facultate,Vest,Urban,6401.0,Nu
1706,M,46,Profesional,Sud-Muntenia,Urban,4983.0,Da
1707,F,43,Profesional,Nord-Est,Rural,2573.0,Nu
1708,M,42,Liceu,Nord-Est,Rural,2443.0,Da
1709,F,25,Facultate,Centru,Rural,4223.0,Nu
1710,F,40,Gimnaziu,Nord-Vest,Rural,2841.0,Nu
1711,M,33,Masterat,Nord-Vest,Rural,5895.0,Da
1712,M,39,Facultate,Bucuresti-Ilfov,Urban,6992.0,Da
1713,M,29,Profesional,Bucuresti-Ilfov,Urban,6119.0,Nu
1714,M,41,Postliceal,Centru,Rural,4295.0,Nu
1715,F,58,Liceu,Nord-Vest,Urban,4846.0,Nu
1716,M,27,Masterat,Bucuresti-Ilfov,Urban,9142.0,Nu
1717,F,40,Primar,Centru,Urban,4721.0,Nu
1718,F,40,Profesional,Nord-Est,Urban,5183.0,Nu
1719,F,30,Facultate,Sud-Est,Rural,4425.0,Da
1720,M,38,Liceu,Sud-Vest Oltenia,Urban,3828.0,Da
1721,F,34,Masterat,Nord-Vest,Urban,6909.0,Nu
1722,M,32,Liceu,Nord-Est,Rural,3845.0,Da
1723,M,31,Profesional,Vest,Rural,4215.0,Da
1724,M,40,Liceu,Sud-Muntenia,Urban,5355.0,Da
1725,F,43,Facultate,Sud-Muntenia,Rural,5328.0,Nu
1726,M,53,Primar,Sud-Est,Urban,4813.0,Da
1727,F,24,Liceu,Vest,Urban,3809.0,Nu
1728,M,19,Gimnaziu,Vest,Urban,5571.0,Nu
1729,F,29,Profesional,Bucuresti-Ilfov,Rural,4466.0,Da
1730,F,35,Primar,Nord-Est,Urban,2536.0,Da
1731,M,48,Primar,Bucuresti-Ilfov,Rural,3690.0,Da
1732,M,35,Facultate,Sud-Muntenia,Urban,5442.0,Da
1733,M,26,Facultate,Sud-Est,Urban,5732.0,Nu
1734,M,18,Doctorat,Sud-Muntenia,Urban,6403.0,Da
1735,F,41,Liceu,Centru,Rural,3519.0,Nu
1736,F,18,Facultate,Sud-Est,Rural,3019.0,Da
1737,F,54,Liceu,Nord-Vest,Rural,3793.0,Da
1738,M,47,Facultate,Vest,Urban,7965.0,Da
1739,M,47,Facultate,Nord-Est,Urban,4449.0,Da
1740,M,48,Liceu,Nord-Vest,Rural,3563.0,Da
1741,F,53,Liceu,Nord-Vest,Rural,3592.0,Nu
1742,F,26,Liceu,Sud-Est,Urban,3735.0,Da
1743,F,32,Liceu,Vest,Urban,4537.0,Nu
1744,M,46,Profesional,Sud-Vest Oltenia,Urban,4754.0,Da
1745,M,46,Liceu,Bucuresti-Ilfov,Rural,4656.0,Da
1746,F,34,Liceu,Nord-Est,Urban,3878.0,Nu
1747,M,58,Liceu,Centru,Rural,5162.0,Nu
1748,F,46,Postliceal,Nord-Est,Urban,3801.0,Da
1749,M,31,Gimnaziu,Nord-Est,Urban,3795.0,Da
1750,F,34,Liceu,Nord-Vest,Urban,2878.0,Da
1751,M,67,Primar,Bucuresti-Ilfov,Urban,5208.0,Da
1752,F,48,Liceu,Nord-Vest,Urban,4449.0,Nu
1753,F,40,Primar,Sud-Vest Oltenia,Rural,2200.0,Da
1754,F,23,Profesional,Sud-Est,Urban,4085.0,Da
1755,M,31,Facultate,Nord-Vest,Rural,6398.0,Da
1756,F,42,Liceu,Nord-Est,Urban,3590.0,Da
1757,F,20,Profesional,Centru,Urban,3446.0,Nu
1758,M,45,Facultate,Sud-Muntenia,Urban,6394.0,Da
1759,M,27,Primar,Nord-Est,Rural,2988.0,Da
1760,F,44,Gimnaziu,Sud-Muntenia,Rural,3802.0,Nu
1761,F,51,Facultate,Bucuresti-Ilfov,Urban,6455.0,Da
1762,F,41,Liceu,Sud-Est,Urban,4829.0,Da
1763,M,28,Masterat,Vest,Urban,6007.0,Da
1764,M,35,Profesional,Bucuresti-Ilfov,Rural,4772.0,Nu
1765,F,41,Facultate,Vest,Urban,5104.0,Da
1766,F,44,Liceu,Nord-Vest,Rural,3846.0,Nu
1767,F,43,Liceu,Sud-Vest Oltenia,Rural,3739.0,Nu
1768,M,31,Facultate,Centru,Urban,6750.0,Nu
1769,F,27,Liceu,Sud-Est,Urban,3469.0,Nu
1770,F,60,Primar,Vest,Rural,2358.0,Nu
1771,M,40,Liceu,Centru,Rural,4232.0,Nu
1772,M,25,Facultate,Nord-Vest,Urban,5809.0,Da
1773,M,29,Facultate,Bucuresti-Ilfov,Urban,8088.0,Nu
1774,M,28,Postliceal,Nord-Est,Rural,4107.0,Da
1775,M,43,Facultate,Nord-Vest,Urban,6641.0,Nu
1776,M,37,Facultate,Vest,Rural,4584.0,Da
1777,F,49,Liceu,Bucuresti-Ilfov,Urban,5891.0,Nu
1778,F,56,Masterat,Sud-Muntenia,Rural,5793.0,Da
1779,M,29,Facultate,Bucuresti-Ilfov,Urban,7997.0,Da
1780,M,38,Liceu,Sud-Est,Urban,4882.0,Da
1781,M,24,Profesional,Centru,Urban,5006.0,Da
1782,F,42,Gimnaziu,Vest,Rural,2926.0,Nu
1783,M,44,Facultate,Sud-Est,Rural,5573.0,Nu
1784,F,58,Liceu,Nord-Vest,Urban,3888.0,Da
1785,M,22,Facultate,Sud-Muntenia,Rural,4033.0,Nu
1786,F,47,Liceu,Sud-Muntenia,Rural,2200.0,Nu
1787,F,33,Liceu,Sud-Muntenia,Rural,2893.0,Nu
1788,F,50,Liceu,Sud-Muntenia,Urban,3577.0,Da
1789,M,48,Facultate,Bucuresti-Ilfov,Urban,7845.0,Nu
1790,M,41,Postliceal,Vest,Urban,4476.0,Da
1791,F,35,Liceu,Bucuresti-Ilfov,Rural,4668.0,Nu
1792,F,47,Profesional,Nord-Vest,Urban,4348.0,Nu
1793,M,45,Profesional,Nord-Est,Rural,3736.0,Da
1794,M,48,Masterat,Nord-Est,Urban,6333.0,Nu
1795,F,44,Liceu,Bucuresti-Ilfov,Urban,4632.0,Nu
1796,M,30,Facultate,Vest,Rural,5175.0,Nu
1797,M,61,Facultate,Vest,Rural,6342.0,Da
1798,F,33,Facultate,Sud-Muntenia,Rural,4344.0,Nu
1799,F,47,Postliceal,Sud-Muntenia,Urban,4440.0,Da
1800,M,49,Profesional,Vest,Rural,4848.0,Nu
1801,M,47,Liceu,Sud-Est,Rural,2709.0,Nu
1802,M,29,Liceu,Vest,Urban,5669.0,Da
1803,M,51,Doctorat,Vest,Urban,8515.0,Nu
1804,F,54,Liceu,Vest,Rural,4264.0,Nu
1805,F,48,Primar,Nord-Est,Rural,2390.0,Da
1806,M,67,Masterat,Centru,Urban,8687.0,Nu
1807,F,52,Gimnaziu,Centru,Rural,4110.0,Nu
1808,M,32,Facultate,Sud-Est,Rural,3582.0,Nu
1809,M,26,Facultate,Centru,Rural,4784.0,Nu
1810,F,41,Facultate,Bucuresti-Ilfov,Rural,5695.0,Nu
1811,F,39,Liceu,Sud-Vest Oltenia,Rural,3209.0,Nu
1812,M,44,Facultate,Nord-Vest,Urban,5816.0,Da
1813,M,43,Liceu,Bucuresti-Ilfov,Urban,5973.0,Da
1814,F,38,Profesional,Vest,Rural,3754.0,Nu
1815,F,40,Facultate,Vest,Rural,5446.0,Da
1816,M,47,Masterat,Sud-Vest Oltenia,Urban,6868.0,Nu
1817,M,32,Postliceal,Sud-Muntenia,Urban,4700.0,Da
1818,M,18,Liceu,Nord-Est,Urban,3251.0,Nu
1819,F,50,Liceu,Nord-Vest,Urban,4719.0,Da
1820,M,36,Liceu,Sud-Muntenia,Urban,4997.0,Da
1821,M,33,Masterat,Nord-Est,Urban,6735.0,Da
1822,F,47,Liceu,Nord-Est,Rural,3740.0,Nu
1823,M,36,Facultate,Sud-Est,Urban,5628.0,Nu
1824,M,42,Facultate,Centru,Urban,5345.0,Da
1825,F,50,Liceu,Sud-Muntenia,Rural,3640.0,Nu
1826,M,25,Masterat,Centru,Rural,5704.0,Nu
1827,M,52,Masterat,Sud-Est,Urban,6606.0,Da
1828,F,35,Liceu,Centru,Urban,5594.0,Da
1829,M,33,Postliceal,Nord-Vest,Urban,6031.0,Da
1830,M,28,Postliceal,Vest,Urban,5159.0,Da
1831,M,57,Facultate,Nord-Est,Urban,6805.0,Nu
1832,F,54,Liceu,Vest,Urban,5618.0,Nu
1833,F,36,Gimnaziu,Centru,Urban,4703.0,Nu
1834,M,47,Facultate,Sud-Est,Urban,6675.0,Nu
1835,M,50,Liceu,Sud-Vest Oltenia,Urban,,Nu
1836,F,21,Facultate,Nord-Est,Rural,3508.0,Da
1837,M,54,Facultate,Nord-Est,Rural,3811.0,Nu
1838,M,57,Liceu,Sud-Muntenia,Urban,5204.0,Nu
1839,F,44,Doctorat,Sud-Est,Rural,6805.0,Nu
1840,F,46,Liceu,Nord-Vest,Rural,2200.0,Nu
1841,M,39,Postliceal,Sud-Muntenia,Urban,4969.0,Nu
1842,F,34,Facultate,Nord-Vest,Urban,5479.0,Da
1843,M,45,Postliceal,Sud-Est,Urban,5250.0,Nu
1844,F,37,Liceu,Sud-Muntenia,Urban,3469.0,Nu
1845,F,58,Profesional,Nord-Est,Rural,2656.0,Da
1846,F,47,Gimnaziu,Nord-Est,Urban,4511.0,Da
1847,M,67,Masterat,Nord-Est,Rural,6886.0,Nu
1848,F,44,Profesional,Nord-Est,Rural,3810.0,Nu
1849,F,45,Liceu,Sud-Est,Rural,4221.0,Da
1850,M,36,Masterat,Bucuresti-Ilfov,Urban,8893.0,Da
1851,M,60,Facultate,Sud-Vest Oltenia,Urban,5599.0,Nu
1852,F,61,Gimnaziu,Sud-Est,Rural,2252.0,Nu
1853,M,39,Profesional,Sud-Vest Oltenia,Urban,4417.0,Nu
1854,F,52,Facultate,Bucuresti-Ilfov,Rural,5846.0,Nu
1855,M,41,Liceu,Centru,Urban,5820.0,Nu
1856,F,41,Gimnaziu,Sud-Est,Rural,3430.0,Nu
1857,M,38,Gimnaziu,Sud-Est,Urban,4322.0,Da
1858,F,50,Liceu,Sud-Vest Oltenia,Rural,2571.0,Da
1859,F,48,Primar,Sud-Muntenia,Urban,3894.0,Da
1860,F,55,Liceu,Bucuresti-Ilfov,Rural,4834.0,Nu
1861,M,30,Masterat,Sud-Muntenia,Rural,,Da
1862,M,29,Facultate,Sud-Muntenia,Urban,5533.0,Nu
1863,M,46,Liceu,Sud-Vest Oltenia,Urban,5422.0,Nu
1864,M,58,Profesional,Sud-Est,Rural,3810.0,Da
1865,M,22,Primar,Sud-Muntenia,Rural,2200.0,Da
1866,F,54,Profesional,Vest,Urban,4853.0,Da
1867,M,31,Gimnaziu,Sud-Muntenia,Urban,3680.0,Nu
1868,M,37,Facultate,Sud-Muntenia,Rural,5307.0,Nu
1869,M,50,Liceu,Sud-Est,Rural,3737.0,Da
1870,F,37,Liceu,Centru,Urban,3170.0,Da
1871,M,25,Masterat,Sud-Vest Oltenia,Urban,6004.0,Da
1872,F,38,Liceu,Sud-Est,Rural,2614.0,Nu
1873,F,33,Gimnaziu,Bucuresti-Ilfov,Rural,3207.0,Nu
1874,F,49,Liceu,Bucuresti-Ilfov,Urban,5827.0,Nu
1875,F,56,Liceu,Nord-Est,Urban,4029.0,Nu
1876,F,39,Facultate,Bucuresti-Ilfov,Urban,5388.0,Nu
1877,F,47,Gimnaziu,Sud-Est,Rural,4020.0,Nu
1878,M,64,Masterat,Bucuresti-Ilfov,Urban,8281.0,Da
1879,M,36,Liceu,Bucuresti-Ilfov,Rural,5100.0,Nu
1880,M,66,Liceu,Sud-Muntenia,Rural,3154.0,Nu
1881,F,20,Profesional,Nord-Est,Urban,3140.0,Nu
1882,F,23,Postliceal,Sud-Muntenia,Urban,,Da
1883,F,30,Profesional,Centru,Urban,4275.0,Nu
1884,M,40,Primar,Vest,Rural,3216.0,Nu
1885,M,45,Liceu,Sud-Muntenia,Rural,2579.0,Da
1886,M,36,Facultate,Bucuresti-Ilfov,Rural,5983.0,Da
1887,F,54,Masterat,Sud-Vest Oltenia,Rural,6084.0,Da
1888,M,57,Liceu,Bucuresti-Ilfov,Rural,4836.0,Nu
1889,F,32,Gimnaziu,Sud-Muntenia,Rural,4020.0,Da
1890,M,47,Liceu,Vest,Urban,5289.0,Nu
1891,M,67,Masterat,Vest,Urban,7005.0,Nu
1892,M,59,Liceu,Nord-Vest,Urban,5338.0,Nu
1893,F,21,Profesional,Sud-Vest Oltenia,Urban,3349.0,Nu
1894,F,51,Gimnaziu,Nord-Vest,Urban,3708.0,Nu
1895,F,23,Masterat,Bucuresti-Ilfov,Rural,6496.0,Da
1896,M,52,Facultate,Sud-Est,Rural,6299.0,Da
1897,M,42,Facultate,Sud-Est,Rural,4854.0,Nu
1898,F,42,Facultate,Sud-Est,Rural,3843.0,Nu
1899,M,38,Postliceal,Centru,Urban,4474.0,Da
1900,M,43,Liceu,Sud-Muntenia,Rural,3348.0,Nu
1901,M,18,Profesional,Sud-Vest Oltenia,Rural,2739.0,Nu
1902,F,48,Masterat,Nord-Est,Rural,4458.0,Nu
1903,M,19,Liceu,Sud-Muntenia,Rural,2200.0,Nu
1904,F,49,Profesional,Bucuresti-Ilfov,Rural,4671.0,Nu
1905,M,53,Postliceal,Nord-Vest,Rural,4779.0,Nu
1906,M,42,Liceu,Nord-Vest,Rural,3126.0,Nu
1907,F,56,Liceu,Vest,Rural,5187.0,Da
1908,F,32,Liceu,Nord-Vest,Rural,3294.0,Nu
1909,F,32,Liceu,Centru,Urban,5008.0,Nu
1910,F,43,Primar,Centru,Rural,3334.0,Da
1911,F,29,Liceu,Sud-Muntenia,Rural,2584.0,Da
1912,M,42,Profesional,Centru,Rural,4453.0,Nu
1913,M,50,Profesional,Centru,Rural,5413.0,Da
1914,M,59,Gimnaziu,Nord-Vest,Rural,4509.0,Da
1915,F,45,Liceu,Nord-Est,Rural,2842.0,Nu
1916,M,36,Liceu,Nord-Vest,Rural,3532.0,Nu
1917,M,36,Gimnaziu,Bucuresti-Ilfov,Rural,5424.0,Da
1918,F,23,Liceu,Bucuresti-Ilfov,Rural,3998.0,Da
1919,F,28,Gimnaziu,Nord-Est,Urban,2211.0,Da
1920,F,18,Profesional,Sud-Vest Oltenia,Urban,3701.0,Nu
1921,F,22,Facultate,Vest,Rural,4654.0,Da
1922,F,61,Profesional,Nord-Est,Rural,3516.0,Nu
1923,F,26,Gimnaziu,Vest,Rural,2707.0,Nu
1924,F,57,Liceu,Vest,Urban,3948.0,Da
1925,F,55,Masterat,Vest,Urban,6979.0,Da
1926,M,37,Facultate,Sud-Muntenia,Rural,4309.0,Nu
1927,M,53,Liceu,Sud-Est,Rural,4169.0,Da
1928,M,40,Liceu,Nord-Vest,Urban,4010.0,Da
1929,M,48,Facultate,Nord-Est,Rural,3766.0,Da
1930,M,30,Masterat,Sud-Est,Urban,6733.0,Da
1931,M,41,Profesional,Centru,Rural,4766.0,Nu
1932,M,57,Liceu,Nord-Est,Rural,3818.0,Da
1933,F,54,Gimnaziu,Nord-Est,Rural,2885.0,Da
1934,F,54,Facultate,Sud-Vest Oltenia,Rural,3984.0,Da
1935,F,58,Facultate,Nord-Vest,Rural,5030.0,Da
1936,F,67,Postliceal,Nord-Est,Rural,4370.0,Nu
1937,M,36,Gimnaziu,Vest,Urban,4402.0,Nu
1938,M,43,Facultate,Bucuresti-Ilfov,Urban,7671.0,Da
1939,M,38,Profesional,Sud-Muntenia,Rural,2200.0,Da
1940,M,60,Facultate,Centru,Urban,6233.0,Nu
1941,F,28,Profesional,Nord-Vest,Rural,3721.0,Nu
1942,F,24,Liceu,Centru,Rural,2200.0,Da
1943,M,36,Facultate,Centru,Urban,6704.0,Da
1944,F,45,Masterat,Bucuresti-Ilfov,Rural,7172.0,Da
1945,M,44,Liceu,Sud-Muntenia,Urban,5580.0,Nu
1946,M,20,Masterat,Centru,Urban,6525.0,Da
1947,F,31,Liceu,Sud-Muntenia,Rural,2200.0,Nu
1948,F,35,Liceu,Centru,Urban,4077.0,Nu
1949,M,18,Liceu,Bucuresti-Ilfov,Urban,5712.0,Nu
1950,M,57,Gimnaziu,Vest,Urban,4628.0,Da
1951,M,35,Gimnaziu,Bucuresti-Ilfov,Urban,5491.0,Da
1952,M,36,Facultate,Bucuresti-Ilfov,Urban,7409.0,Da
1953,F,52,Gimnaziu,Nord-Est,Rural,3166.0,Nu
1954,M,28,Liceu,Centru,Urban,4639.0,Da
1955,F,67,Profesional,Nord-Vest,Urban,3743.0,Da
1956,F,59,Masterat,Sud-Muntenia,Rural,6764.0,Da
1957,M,41,Liceu,Sud-Est,Rural,4374.0,Da
1958,M,36,Liceu,Vest,Urban,5048.0,Da
1959,M,49,Masterat,Bucuresti-Ilfov,Rural,7135.0,Da
1960,M,29,Masterat,Nord-Est,Urban,6929.0,Nu
1961,M,31,Profesional,Centru,Urban,4658.0,Nu
1962,F,31,Liceu,Centru,Urban,3412.0,Da
1963,M,55,Facultate,Sud-Est,Urban,6272.0,Nu
1964,M,23,Facultate,Nord-Vest,Rural,5541.0,Da
1965,M,51,Facultate,Bucuresti-Ilfov,Urban,8645.0,Da
1966,F,43,Facultate,Sud-Muntenia,Urban,4660.0,Nu
1967,F,60,Gimnaziu,Sud-Vest Oltenia,Urban,3493.0,Da
1968,M,51,Liceu,Sud-Muntenia,Urban,4562.0,Da
1969,F,67,Liceu,Bucuresti-Ilfov,Urban,4289.0,Nu
1970,M,27,Facultate,Nord-Est,Rural,4025.0,Nu
1971,F,34,Masterat,Nord-Vest,Rural,5436.0,Nu
1972,M,53,Liceu,Nord-Est,Urban,3875.0,Da
1973,F,23,Liceu,Bucuresti-Ilfov,Urban,3640.0,Da
1974,F,30,Liceu,Bucuresti-Ilfov,Rural,4466.0,Da
1975,F,36,Liceu,Centru,Urban,4135.0,Da
1976,M,21,Liceu,Nord-Est,Urban,3878.0,Da
1977,F,51,Postliceal,Sud-Muntenia,Urban,3893.0,Nu
1978,F,34,Liceu,Sud-Muntenia,Urban,2913.0,Da
1979,F,34,Masterat,Vest,Rural,5490.0,Nu
1980,F,42,Liceu,Sud-Muntenia,Urban,4063.0,Nu
1981,M,22,Facultate,Bucuresti-Ilfov,Rural,6212.0,Da
1982,M,57,Liceu,Centru,Rural,3376.0,Nu
1983,F,42,Gimnaziu,Bucuresti-Ilfov,Urban,6466.0,Nu
1984,M,48,Facultate,Sud-Est,Urban,6788.0,Da
1985,M,31,Primar,Sud-Muntenia,Urban,3541.0,Nu
1986,F,44,Postliceal,Bucuresti-Ilfov,Rural,5154.0,Nu
1987,M,18,Facultate,Sud-Muntenia,Urban,4906.0,Nu
1988,M,60,Facultate,Sud-Muntenia,Urban,6803.0,Nu
1989,F,46,Postliceal,Sud-Muntenia,Urban,3782.0,Nu
1990,F,18,Masterat,Centru,Urban,6490.0,Da
1991,M,51,Liceu,Sud-Muntenia,Urban,4618.0,Da
1992,M,51,Masterat,Bucuresti-Ilfov,Rural,8313.0,Da
1993,F,49,Masterat,Nord-Vest,Rural,6709.0,Da
1994,F,53,Profesional,Centru,Urban,4414.0,Nu
1995,F,26,Doctorat,Sud-Muntenia,Urban,6955.0,Nu
1996,F,46,Liceu,Sud-Vest Oltenia,Urban,3886.0,Nu
1997,M,30,Postliceal,Vest,Rural,4757.0,Da
1998,F,45,Liceu,Vest,Urban,4791.0,Nu
1999,F,22,Facultate,Nord-Est,Urban,4380.0,Da
2000,M,51,Facultate,Nord-Vest,Rural,6014.0,Nu
2001,M,53,Facultate,Sud-Muntenia,Rural,5425.0,Nu
2002,F,59,Masterat,Bucuresti-Ilfov,Rural,7206.0,Nu
2003,F,46,Postliceal,Sud-Muntenia,Urban,4717.0,Nu
2004,F,46,Liceu,Bucuresti-Ilfov,Urban,6784.0,Nu
2005,F,39,Liceu,Nord-Vest,Urban,4438.0,Nu
2006,M,41,Facultate,Bucuresti-Ilfov,Urban,7525.0,Da
2007,F,45,Facultate,Sud-Vest Oltenia,Rural,3821.0,Nu
2008,F,40,Liceu,Nord-Est,Rural,2615.0,Da
2009,M,36,Liceu,Sud-Muntenia,Rural,3775.0,Da
2010,M,39,Profesional,Nord-Est,Rural,3478.0,Nu
2011,F,39,Masterat,Sud-Muntenia,Urban,6182.0,Nu
2012,M,58,Masterat,Sud-Vest Oltenia,Urban,6876.0,Nu
2013,M,46,Liceu,Nord-Vest,Rural,3493.0,Da
2014,F,37,Postliceal,Centru,Urban,5375.0,Nu
2015,F,48,Masterat,Sud-Vest Oltenia,Rural,5450.0,Nu
2016,F,39,Liceu,Vest,Urban,4921.0,Nu
2017,F,48,Facultate,Vest,Rural,4290.0,Nu
2018,M,37,Liceu,Vest,Urban,4404.0,Da
2019,M,55,Liceu,Nord-Vest,Urban,5767.0,Nu
2020,M,26,Masterat,Vest,Urban,6557.0,Da
2021,F,53,Profesional,Nord-Vest,Urban,4601.0,Da
2022,F,29,Liceu,Bucuresti-Ilfov,Rural,4357.0,Nu
2023,M,39,Liceu,Centru,Rural,3605.0,Nu
2024,F,36,Profesional,Vest,Urban,4541.0,Nu
2025,M,36,Profesional,Sud-Est,Urban,4307.0,Da
2026,M,50,Liceu,Sud-Muntenia,Urban,4927.0,Da
2027,M,43,Liceu,Sud-Muntenia,Rural,2828.0,Da
2028,F,37,Profesional,Vest,Urban,5465.0,Da
2029,F,53,Masterat,Centru,Urban,7399.0,Nu
2030,M,32,Profesional,Sud-Vest Oltenia,Rural,3686.0,Nu
2031,F,33,Masterat,Sud-Muntenia,Rural,5259.0,Nu
2032,F,34,Facultate,Sud-Est,Urban,4444.0,Nu
2033,M,52,Facultate,Bucuresti-Ilfov,Rural,7060.0,Da
2034,F,55,Profesional,Centru,Urban,5326.0,Da
2035,M,49,Liceu,Nord-Est,Urban,3464.0,Nu
2036,M,27,Liceu,Sud-Est,Rural,3425.0,Da
2037,M,37,Postliceal,Centru,Urban,4559.0,Nu
2038,M,61,Gimnaziu,Sud-Vest Oltenia,Urban,4679.0,Nu
2039,M,51,Liceu,Nord-Est,Rural,2690.0,Nu
2040,M,46,Facultate,Nord-Est,Urban,6537.0,Da
2041,F,29,Facultate,Vest,Urban,5467.0,Da
2042,M,43,Facultate,Sud-Vest Oltenia,Urban,5790.0,Da
2043,M,32,Primar,Sud-Est,Rural,2200.0,Da
2044,F,54,Liceu,Nord-Vest,Rural,3355.0,Nu
2045,M,47,Liceu,Sud-Muntenia,Urban,3488.0,Nu
2046,F,50,Primar,Nord-Vest,Urban,2989.0,Nu
2047,M,24,Facultate,Centru,Urban,6572.0,Nu
2048,F,56,Facultate,Bucuresti-Ilfov,Rural,7291.0,Nu
2049,F,53,Liceu,Nord-Est,Urban,4684.0,Nu
2050,M,19,Facultate,Nord-Vest,Rural,5676.0,Nu
2051,M,26,Gimnaziu,Centru,Rural,2200.0,Nu
2052,F,40,Primar,Nord-Est,Rural,2200.0,Da
2053,M,36,Liceu,Centru,Rural,3402.0,Nu
2054,F,31,Facultate,Bucuresti-Ilfov,Rural,5270.0,Nu
2055,M,23,Primar,Sud-Muntenia,Rural,2200.0,Nu
2056,F,67,Postliceal,Nord-Est,Urban,4164.0,Nu
2057,M,66,Liceu,Nord-Est,Rural,3266.0,Nu
2058,M,62,Facultate,Nord-Est,Rural,4634.0,Da
2059,M,36,Profesional,Bucuresti-Ilfov,Rural,5093.0,Da
2060,M,58,Profesional,Centru,Urban,5528.0,Nu
2061,F,43,Facultate,Bucuresti-Ilfov,Urban,6662.0,Nu
2062,M,52,Masterat,Nord-Vest,Urban,8165.0,Da
2063,M,38,Profesional,Bucuresti-Ilfov,Urban,5527.0,Da
2064,F,45,Facultate,Centru,Rural,4223.0,Da
2065,F,61,Liceu,Sud-Est,Rural,2489.0,Da
2066,F,45,Gimnaziu,Sud-Muntenia,Rural,2200.0,Nu
2067,M,30,Primar,Bucuresti-Ilfov,Rural,4548.0,Nu
2068,F,52,Gimnaziu,Bucuresti-Ilfov,Rural,4947.0,Nu
2069,F,30,Gimnaziu,Bucuresti-Ilfov,Urban,5308.0,Nu
2070,F,43,Liceu,Centru,Urban,4670.0,Da
2071,M,29,Liceu,Nord-Est,Urban,4246.0,Nu
2072,F,28,Masterat,Bucuresti-Ilfov,Rural,,Nu
2073,M,67,Liceu,Sud-Muntenia,Urban,4528.0,Da
2074,M,53,Facultate,Vest,Rural,,Da
2075,M,39,Liceu,Vest,Rural,4287.0,Da
2076,F,24,Liceu,Sud-Vest Oltenia,Rural,3025.0,Da
2077,F,54,Masterat,Bucuresti-Ilfov,Urban,7136.0,Da
2078,F,52,Liceu,Vest,Urban,5035.0,Nu
2079,M,41,Facultate,Sud-Est,Urban,6242.0,Da
2080,F,56,Liceu,Sud-Muntenia,Rural,3747.0,Nu
2081,M,50,Liceu,Sud-Est,Urban,4778.0,Nu
2082,M,32,Postliceal,Nord-Vest,Rural,4302.0,Nu
2083,M,41,Masterat,Sud-Est,Rural,5730.0,Nu
2084,M,47,Masterat,Sud-Est,Rural,5767.0,Da
2085,F,53,Gimnaziu,Sud-Vest Oltenia,Rural,2282.0,Da
2086,F,43,Primar,Nord-Vest,Rural,,Nu
2087,M,44,Primar,Nord-Vest,Urban,3878.0,Nu
2088,F,59,Liceu,Bucuresti-Ilfov,Rural,4248.0,Nu
2089,M,29,Masterat,Vest,Urban,8613.0,Nu
2090,F,37,Liceu,Nord-Vest,Rural,3283.0,Nu
2091,M,24,Postliceal,Nord-Vest,Urban,3721.0,Nu
2092,F,37,Gimnaziu,Nord-Est,Urban,3793.0,Da
2093,F,45,Facultate,Nord-Vest,Urban,5956.0,Da
2094,M,37,Facultate,Nord-Est,Rural,4286.0,Da
2095,F,39,Postliceal,Nord-Est,Urban,3427.0,Da
2096,F,45,Masterat,Sud-Vest Oltenia,Urban,5025.0,Da
2097,F,56,Postliceal,Nord-Vest,Urban,5082.0,Nu
2098,M,34,Liceu,Sud-Muntenia,Urban,3628.0,Nu
2099,M,49,Gimnaziu,Centru,Urban,4380.0,Nu
2100,M,52,Gimnaziu,Nord-Est,Rural,2942.0,Da
2101,M,18,Liceu,Sud-Muntenia,Urban,3507.0,Da
2102,F,34,Liceu,Bucuresti-Ilfov,Urban,5635.0,Nu
2103,F,56,Profesional,Sud-Muntenia,Rural,2916.0,Da
2104,F,35,Facultate,Nord-Est,Urban,6062.0,Nu
2105,M,26,Facultate,Bucuresti-Ilfov,Rural,5757.0,Da
2106,M,26,Gimnaziu,Sud-Muntenia,Rural,4359.0,Da
2107,M,42,Facultate,Sud-Vest Oltenia,Urban,5916.0,Nu
2108,M,46,Liceu,Bucuresti-Ilfov,Rural,5487.0,Da
2109,F,66,Liceu,Nord-Est,Rural,2649.0,Nu
2110,F,49,Gimnaziu,Centru,Rural,2686.0,Nu
2111,M,48,Facultate,Vest,Rural,5460.0,Da
2112,M,49,Facultate,Sud-Est,Urban,7143.0,Nu
2113,F,39,Masterat,Centru,Rural,5013.0,Nu
2114,F,27,Facultate,Centru,Urban,5446.0,Da
2115,M,45,Masterat,Nord-Vest,Urban,8249.0,Da
2116,F,49,Liceu,Sud-Muntenia,Rural,2586.0,Nu
2117,M,57,Facultate,Nord-Est,Urban,6099.0,Nu
2118,M,36,Gimnaziu,Bucuresti-Ilfov,Rural,4733.0,Da
2119,M,24,Facultate,Sud-Vest Oltenia,Rural,4530.0,Nu
2120,M,47,Gimnaziu,Centru,Urban,5078.0,Nu
2121,F,38,Facultate,Sud-Muntenia,Rural,4704.0,Da
2122,F,49,Postliceal,Nord-Est,Urban,5083.0,Nu
2123,F,34,Facultate,Vest,Urban,,Da
2124,M,41,Gimnaziu,Vest,Rural,4302.0,Nu
2125,M,18,Facultate,Vest,Rural,5524.0,Da
2126,M,37,Facultate,Nord-Est,Urban,6083.0,Da
2127,F,29,Facultate,Centru,Rural,3590.0,Nu
2128,M,32,Facultate,Nord-Vest,Rural,4669.0,Nu
2129,M,48,Liceu,Sud-Vest Oltenia,Rural,4138.0,Nu
2130,M,40,Gimnaziu,Sud-Muntenia,Rural,2200.0,Nu
2131,F,51,Masterat,Bucuresti-Ilfov,Urban,7864.0,Nu
2132,F,36,Liceu,Nord-Vest,Rural,2203.0,Nu
2133,F,33,Masterat,Nord-Vest,Rural,4696.0,Nu
2134,M,37,Facultate,Vest,Urban,6878.0,Nu
2135,M,59,Facultate,Nord-Est,Rural,5355.0,Da
2136,M,41,Liceu,Bucuresti-Ilfov,Urban,6792.0,Nu
2137,F,36,Facultate,Vest,Urban,5791.0,Nu
2138,F,60,Facultate,Bucuresti-Ilfov,Urban,7527.0,Da
2139,M,41,Liceu,Nord-Est,Rural,2876.0,Nu
2140,F,58,Postliceal,Sud-Muntenia,Urban,3920.0,Nu
2141,M,45,Masterat,Bucuresti-Ilfov,Rural,7155.0,Nu
2142,F,50,Facultate,Bucuresti-Ilfov,Rural,5297.0,Da
2143,F,51,Masterat,Sud-Vest Oltenia,Rural,4436.0,Nu
2144,F,40,Liceu,Sud-Muntenia,Urban,4951.0,Da
2145,F,28,Profesional,Sud-Est,Rural,2509.0,Nu
2146,F,45,Gimnaziu,Sud-Vest Oltenia,Rural,2271.0,Da
2147,M,46,Profesional,Bucuresti-Ilfov,Urban,5545.0,Nu
2148,F,34,Liceu,Vest,Rural,3581.0,Da
2149,F,40,Liceu,Nord-Est,Urban,3688.0,Nu
2150,M,18,Gimnaziu,Vest,Rural,3837.0,Nu
2151,M,31,Facultate,Nord-Vest,Rural,5584.0,Da
2152,F,29,Facultate,Nord-Est,Rural,3459.0,Nu
2153,F,43,Facultate,Bucuresti-Ilfov,Urban,6744.0,Nu
2154,F,50,Masterat,Bucuresti-Ilfov,Rural,7053.0,Da
2155,M,33,Facultate,Vest,Rural,4889.0,Da
2156,M,40,Facultate,Vest,Urban,5844.0,Da
2157,F,44,Profesional,Bucuresti-Ilfov,Urban,5518.0,Da
2158,M,53,Facultate,Bucuresti-Ilfov,Urban,7640.0,Nu
2159,M,36,Facultate,Sud-Muntenia,Urban,4975.0,Da
2160,F,29,Profesional,Sud-Vest Oltenia,Rural,2410.0,Nu
2161,F,22,Postliceal,Nord-Est,Urban,3432.0,Nu
2162,M,56,Facultate,Centru,Rural,5365.0,Nu
2163,M,43,Gimnaziu,Bucuresti-Ilfov,Urban,5449.0,Nu
2164,F,35,Postliceal,Nord-Est,Urban,4079.0,Da
2165,M,55,Profesional,Sud-Vest Oltenia,Rural,3531.0,Nu
2166,F,51,Postliceal,Vest,Urban,5706.0,Nu
2167,F,38,Primar,Sud-Est,Urban,3321.0,Nu
2168,M,47,Facultate,Bucuresti-Ilfov,Rural,6670.0,Da
2169,F,33,Gimnaziu,Sud-Vest Oltenia,Urban,5060.0,Da
2170,F,50,Liceu,Sud-Muntenia,Urban,3787.0,Da
2171,F,39,Doctorat,Nord-Vest,Urban,7026.0,Nu
2172,M,52,Facultate,Nord-Vest,Urban,7734.0,Da
2173,M,32,Gimnaziu,Bucuresti-Ilfov,Urban,5662.0,Da
2174,F,67,Profesional,Sud-Est,Urban,3824.0,Nu
2175,M,38,Facultate,Bucuresti-Ilfov,Rural,7227.0,Nu
2176,M,51,Facultate,Nord-Est,Rural,4894.0,Da
2177,M,29,Masterat,Nord-Vest,Urban,8246.0,Nu
2178,M,37,Facultate,Sud-Muntenia,Rural,4512.0,Da
2179,F,41,Masterat,Nord-Est,Urban,6707.0,Da
2180,F,51,Profesional,Nord-Vest,Urban,3767.0,Nu
2181,M,43,Masterat,Bucuresti-Ilfov,Urban,7651.0,Da
2182,F,21,Masterat,Sud-Muntenia,Urban,4649.0,Nu
2183,F,54,Facultate,Centru,Urban,6002.0,Da
2184,F,30,Profesional,Centru,Rural,3443.0,Nu
2185,F,48,Facultate,Nord-Vest,Rural,5068.0,Da
2186,F,18,Liceu,Nord-Est,Urban,2200.0,Da
2187,M,43,Profesional,Sud-Muntenia,Urban,4342.0,Da
2188,F,52,Profesional,Nord-Vest,Urban,3441.0,Nu
2189,F,40,Postliceal,Bucuresti-Ilfov,Urban,5648.0,Da
2190,M,39,Masterat,Nord-Vest,Rural,6598.0,Da
2191,M,50,Facultate,Sud-Vest Oltenia,Urban,5977.0,Da
2192,M,46,Liceu,Bucuresti-Ilfov,Rural,5281.0,Nu
2193,M,43,Liceu,Sud-Muntenia,Urban,4378.0,Da
2194,M,60,Liceu,Nord-Vest,Urban,5637.0,Da
2195,M,32,Liceu,Sud-Muntenia,Urban,4341.0,Da
2196,F,40,Postliceal,Nord-Vest,Rural,3715.0,Da
2197,M,60,Facultate,Nord-Est,Rural,3827.0,Nu
2198,M,32,Gimnaziu,Nord-Vest,Urban,4545.0,Nu
2199,M,47,Primar,Nord-Vest,Urban,4959.0,Nu
2200,F,61,Profesional,Sud-Muntenia,Urban,5021.0,Nu
2201,F,43,Facultate,Sud-Muntenia,Urban,5532.0,Da
2202,F,67,Masterat,Centru,Urban,6270.0,Nu
2203,F,39,Postliceal,Bucuresti-Ilfov,Urban,5581.0,Da
2204,M,18,Gimnaziu,Sud-Est,Rural,2736.0,Nu
2205,F,38,Doctorat,Sud-Vest Oltenia,Rural,,Nu
2206,F,40,Profesional,Centru,Urban,3465.0,Nu
2207,F,24,Postliceal,Sud-Muntenia,Urban,3823.0,Nu
2208,M,40,Liceu,Bucuresti-Ilfov,Urban,,Da
2209,F,67,Liceu,Nord-Est,Urban,3718.0,Nu
2210,F,32,Profesional,Bucuresti-Ilfov,Urban,5008.0,Da
2211,F,48,Profesional,Centru,Urban,4140.0,Nu
2212,F,32,Masterat,Bucuresti-Ilfov,Rural,5957.0,Nu
2213,M,37,Masterat,Sud-Vest Oltenia,Urban,7706.0,Da
2214,M,56,Liceu,Centru,Rural,4001.0,Da
2215,M,53,Gimnaziu,Nord-Vest,Urban,4536.0,Nu
2216,F,46,Liceu,Nord-Vest,Rural,2996.0,Da
2217,F,54,Profesional,Centru,Urban,3723.0,Nu
2218,M,46,Masterat,Sud-Est,Rural,6011.0,Da
2219,F,42,Facultate,Sud-Est,Rural,3997.0,Da
2220,F,34,Masterat,Sud-Vest Oltenia,Rural,4454.0,Da
2221,F,20,Postliceal,Sud-Vest Oltenia,Rural,2571.0,Nu
2222,F,60,Postliceal,Sud-Est,Rural,3078.0,Nu
2223,M,22,Facultate,Sud-Muntenia,Rural,4399.0,Da
2224,M,34,Liceu,Sud-Muntenia,Urban,4777.0,Da
2225,F,39,Gimnaziu,Sud-Est,Rural,3172.0,Nu
2226,F,31,Liceu,Nord-Est,Urban,3683.0,Da
2227,F,33,Facultate,Sud-Est,Urban,5322.0,Da
2228,F,59,Primar,Vest,Rural,2200.0,Nu
2229,M,50,Facultate,Sud-Muntenia,Rural,5108.0,Da
2230,F,43,Facultate,Vest,Rural,4881.0,Nu
2231,F,18,Liceu,Nord-Est,Rural,2507.0,Nu
2232,M,48,Liceu,Bucuresti-Ilfov,Urban,7382.0,Nu
2233,F,38,Liceu,Centru,Urban,5051.0,Da
2234,M,56,Gimnaziu,Bucuresti-Ilfov,Urban,5601.0,Nu
2235,F,45,Liceu,Centru,Rural,2837.0,Da
2236,F,18,Doctorat,Vest,Rural,6388.0,Nu
2237,M,54,Profesional,Bucuresti-Ilfov,Rural,5760.0,Da
2238,F,55,Facultate,Bucuresti-Ilfov,Urban,6672.0,Da
2239,F,39,Liceu,Nord-Vest,Rural,3120.0,Da
2240,F,39,Liceu,Sud-Muntenia,Rural,3127.0,Nu
2241,F,46,Liceu,Sud-Vest Oltenia,Urban,3300.0,Da
2242,F,32,Facultate,Nord-Vest,Urban,5754.0,Nu
2243,M,49,Masterat,Sud-Muntenia,Rural,6405.0,Nu
2244,F,44,Facultate,Centru,Urban,6488.0,Da
2245,F,49,Liceu,Sud-Muntenia,Rural,3068.0,Nu
2246,F,56,Liceu,Sud-Est,Urban,4693.0,Da
2247,F,58,Gimnaziu,Vest,Rural,2395.0,Nu
2248,F,54,Facultate,Nord-Est,Rural,4377.0,Nu
2249,M,45,Masterat,Nord-Est,Urban,6057.0,Da
2250,F,45,,Sud-Vest Oltenia,Rural,2328.0,Da
2251,M,57,Liceu,Nord-Est,Urban,3788.0,Da
2252,F,55,Liceu,Sud-Muntenia,Rural,3738.0,Da
2253,F,30,Facultate,Sud-Est,Rural,3574.0,Da
2254,F,31,Facultate,Bucuresti-Ilfov,Rural,6689.0,Nu
2255,F,23,Postliceal,Sud-Muntenia,Rural,2648.0,Nu
2256,M,27,Facultate,Bucuresti-Ilfov,Rural,5266.0,Da
2257,M,58,Postliceal,Bucuresti-Ilfov,Urban,6314.0,Nu
2258,M,29,Liceu,Bucuresti-Ilfov,Rural,5265.0,Da
2259,M,41,Liceu,Nord-Vest,Urban,3547.0,Nu
2260,F,55,Facultate,Sud-Vest Oltenia,Rural,4626.0,Da
2261,F,36,Facultate,Centru,Rural,4587.0,Da
2262,M,48,Liceu,Nord-Est,Urban,3692.0,Da
2263,F,28,Liceu,Vest,Urban,4001.0,Da
2264,F,38,Facultate,Bucuresti-Ilfov,Urban,6601.0,Da
2265,M,51,Liceu,Sud-Est,Urban,5318.0,Nu
2266,F,39,Liceu,Sud-Muntenia,Urban,4033.0,Nu
2267,F,57,Liceu,Sud-Muntenia,Urban,4869.0,Da
2268,M,37,Facultate,Vest,Rural,6474.0,Nu
2269,F,34,Postliceal,Sud-Muntenia,Urban,3047.0,Nu
2270,M,28,Liceu,Nord-Vest,Rural,3843.0,Da
2271,F,34,Liceu,Sud-Vest Oltenia,Rural,2215.0,Nu
2272,F,51,Liceu,Nord-Vest,Urban,4583.0,Da
2273,F,35,Profesional,Bucuresti-Ilfov,Rural,4117.0,Nu
2274,F,49,Profesional,Sud-Est,Urban,5317.0,Da
2275,M,56,Liceu,Centru,Urban,4479.0,Da
2276,M,59,Liceu,Sud-Muntenia,Urban,4880.0,Nu
2277,F,39,Masterat,Nord-Vest,Rural,5407.0,Nu
2278,M,53,Facultate,Nord-Est,Urban,6034.0,Da
2279,M,25,Gimnaziu,Vest,Urban,3820.0,Nu
2280,F,20,Gimnaziu,Centru,Rural,3136.0,Nu
2281,M,31,Masterat,Centru,Rural,6360.0,Da
2282,F,53,,Centru,Rural,3486.0,Nu
2283,M,38,Liceu,Nord-Vest,Urban,4119.0,Da
2284,F,46,Liceu,Bucuresti-Ilfov,Urban,6838.0,Nu
2285,M,45,Facultate,Nord-Est,Urban,5503.0,Da
2286,M,59,Liceu,Nord-Vest,Urban,4372.0,Da
2287,F,41,Gimnaziu,Centru,Rural,3753.0,Nu
2288,F,31,Postliceal,Nord-Est,Urban,3400.0,Da
2289,M,32,Facultate,Bucuresti-Ilfov,Rural,7244.0,Nu
2290,F,35,Postliceal,Sud-Est,Rural,3197.0,Nu
2291,M,24,Primar,Bucuresti-Ilfov,Rural,4135.0,Nu
2292,F,40,Masterat,Centru,Rural,6672.0,Nu
2293,F,32,Facultate,Nord-Vest,Rural,3630.0,Da
2294,M,54,Liceu,Vest,Urban,5312.0,Da
2295,M,36,Postliceal,Sud-Muntenia,Urban,4590.0,Nu
2296,F,48,Facultate,Sud-Vest Oltenia,Urban,4378.0,Da
2297,M,44,Primar,Bucuresti-Ilfov,Urban,6418.0,Nu
2298,M,46,Facultate,Sud-Muntenia,Urban,6008.0,Nu
2299,F,41,Profesional,Bucuresti-Ilfov,Rural,5191.0,Nu
2300,M,52,Postliceal,Sud-Muntenia,Urban,4871.0,Nu
2301,M,27,Facultate,Nord-Est,Rural,4524.0,Da
2302,F,49,Facultate,Nord-Vest,Urban,6580.0,Da
2303,M,46,Masterat,Sud-Vest Oltenia,Rural,6879.0,Da
2304,F,42,Primar,Sud-Est,Urban,4269.0,Da
2305,F,42,Masterat,Sud-Vest Oltenia,Rural,5915.0,Da
2306,F,46,Profesional,Bucuresti-Ilfov,Rural,4758.0,Nu
2307,F,46,Facultate,Bucuresti-Ilfov,Rural,6613.0,Da
2308,F,50,Masterat,Bucuresti-Ilfov,Urban,6879.0,Nu
2309,M,36,Liceu,Bucuresti-Ilfov,Urban,6780.0,Da
2310,F,41,Liceu,Nord-Est,Urban,3256.0,Da
2311,F,43,Facultate,Bucuresti-Ilfov,Rural,5908.0,Nu
2312,M,59,Primar,Bucuresti-Ilfov,Urban,5743.0,Nu
2313,F,43,Profesional,Centru,Rural,3806.0,Nu
2314,F,50,Primar,Bucuresti-Ilfov,Urban,4277.0,Nu
2315,M,37,,Nord-Est,Rural,2675.0,Da
2316,M,56,Facultate,Bucuresti-Ilfov,Urban,8286.0,Da
2317,M,27,Liceu,Nord-Est,Rural,2232.0,Nu
2318,F,43,Profesional,Sud-Muntenia,Urban,3220.0,Nu
2319,F,37,Liceu,Sud-Est,Rural,2408.0,Nu
2320,M,45,Facultate,Centru,Urban,5865.0,Da
2321,F,31,Postliceal,Centru,Urban,4375.0,Nu
2322,M,40,Gimnaziu,Centru,Urban,3798.0,Da
2323,M,24,Facultate,Sud-Vest Oltenia,Urban,5342.0,Da
2324,F,27,Facultate,Sud-Muntenia,Rural,3694.0,Nu
2325,M,41,Profesional,Bucuresti-Ilfov,Urban,6240.0,Da
2326,F,35,Postliceal,Sud-Muntenia,Rural,3974.0,Da
2327,F,46,Facultate,Nord-Est,Urban,4858.0,Nu
2328,F,38,Doctorat,Sud-Muntenia,Urban,6568.0,Da
2329,F,42,Liceu,Bucuresti-Ilfov,Rural,5615.0,Nu
2330,F,18,Facultate,Nord-Est,Rural,3439.0,Da
2331,F,35,Gimnaziu,Nord-Est,Urban,2200.0,Nu
2332,M,18,Masterat,Centru,Urban,8184.0,Da
2333,F,45,Profesional,Nord-Vest,Urban,5378.0,Da
2334,F,42,Profesional,Nord-Est,Rural,2315.0,Da
2335,F,67,Liceu,Nord-Vest,Urban,3710.0,Nu
2336,F,28,Doctorat,Nord-Vest,Urban,6109.0,Nu
2337,F,45,Profesional,Vest,Urban,4188.0,Nu
2338,M,32,Masterat,Nord-Est,Rural,5187.0,Da
2339,F,45,Liceu,Nord-Vest,Urban,4889.0,Nu
2340,M,55,Liceu,Sud-Vest Oltenia,Rural,2807.0,Da
2341,M,44,Liceu,Sud-Vest Oltenia,Urban,4145.0,Da
2342,F,52,Primar,Bucuresti-Ilfov,Urban,,Nu
2343,F,54,Gimnaziu,Nord-Est,Urban,3439.0,Nu
2344,M,26,Postliceal,Vest,Rural,5300.0,Nu
2345,M,49,Liceu,Bucuresti-Ilfov,Urban,5898.0,Nu
2346,F,31,Masterat,Nord-Est,Urban,5564.0,Da
2347,F,33,Postliceal,Sud-Vest Oltenia,Rural,2563.0,Da
2348,M,49,Facultate,Sud-Est,Rural,4411.0,Da
2349,M,46,Postliceal,Nord-Vest,Urban,4896.0,Da
2350,M,51,Facultate,Bucuresti-Ilfov,Rural,7072.0,Da
2351,M,47,Profesional,Centru,Rural,4217.0,Da
2352,M,32,Postliceal,Centru,Rural,4576.0,Da
2353,F,38,Liceu,Nord-Est,Urban,3852.0,Nu
2354,F,39,Liceu,Nord-Est,Rural,3204.0,Nu
2355,F,36,Gimnaziu,Bucuresti-Ilfov,Urban,5426.0,Nu
2356,M,44,Gimnaziu,Bucuresti-Ilfov,Urban,5714.0,Da
2357,F,22,Gimnaziu,Nord-Est,Rural,2727.0,Nu
2358,M,49,Masterat,Nord-Vest,Rural,6429.0,Da
2359,F,51,Liceu,Sud-Muntenia,Urban,4430.0,Nu
2360,F,26,Postliceal,Bucuresti-Ilfov,Rural,4896.0,Nu
2361,M,55,Masterat,Nord-Vest,Urban,8225.0,Da
2362,M,34,Postliceal,Nord-Vest,Urban,5106.0,Nu
2363,F,44,Postliceal,Nord-Vest,Urban,5524.0,Nu
2364,M,47,Profesional,Sud-Muntenia,Rural,2723.0,Nu
2365,F,49,Masterat,Sud-Vest Oltenia,Urban,6408.0,Nu
2366,M,37,Masterat,Vest,Urban,6986.0,Da
2367,M,58,Facultate,Sud-Vest Oltenia,Rural,5485.0,Da
2368,M,50,Masterat,Sud-Muntenia,Urban,6850.0,Nu
2369,M,39,Facultate,Bucuresti-Ilfov,Urban,7912.0,Da
2370,M,64,Liceu,Bucuresti-Ilfov,Urban,7067.0,Da
2371,M,67,Facultate,Sud-Muntenia,Urban,5870.0,Da
2372,F,30,Liceu,Vest,Urban,4660.0,Nu
2373,F,59,Facultate,Sud-Est,Rural,5207.0,Da
2374,F,40,Profesional,Vest,Rural,3605.0,Da
2375,F,44,Profesional,Sud-Est,Rural,3017.0,Nu
2376,F,36,Liceu,Nord-Vest,Rural,3335.0,Nu
2377,F,43,Liceu,Bucuresti-Ilfov,Urban,5724.0,Da
2378,M,46,Liceu,Nord-Vest,Rural,4697.0,Nu
2379,F,40,Liceu,Bucuresti-Ilfov,Rural,4668.0,Nu
2380,F,47,Primar,Bucuresti-Ilfov,Rural,4177.0,Nu
2381,M,18,Liceu,Sud-Est,Rural,2644.0,Nu
2382,M,39,Facultate,Vest,Urban,5625.0,Da
2383,M,46,Liceu,Bucuresti-Ilfov,Rural,5378.0,Nu
2384,M,35,Liceu,Bucuresti-Ilfov,Urban,5348.0,Nu
2385,M,34,Facultate,Nord-Est,Urban,4696.0,Nu
2386,M,58,Doctorat,Nord-Est,Urban,7817.0,Da
2387,F,51,Facultate,Sud-Est,Urban,4946.0,Nu
2388,F,30,Liceu,Bucuresti-Ilfov,Rural,3026.0,Da
2389,M,56,Liceu,Sud-Est,Rural,4520.0,Da
2390,F,26,Profesional,Sud-Vest Oltenia,Urban,4156.0,Nu
2391,M,59,Facultate,Centru,Urban,7515.0,Nu
2392,F,40,Masterat,Vest,Rural,6148.0,Da
2393,M,28,Masterat,Sud-Vest Oltenia,Rural,4182.0,Da
2394,F,53,Profesional,Bucuresti-Ilfov,Rural,4128.0,Nu
2395,F,40,Liceu,Sud-Muntenia,Urban,3710.0,Nu
2396,F,39,Postliceal,Sud-Est,Urban,5009.0,Nu
2397,M,50,Gimnaziu,Sud-Est,Rural,3033.0,Da
2398,F,42,Liceu,Centru,Rural,3290.0,Nu
2399,F,39,Liceu,Nord-Est,Urban,2914.0,Da
2400,M,36,Postliceal,Nord-Vest,Urban,5190.0,Da
2401,M,42,Liceu,Sud-Vest Oltenia,Urban,4956.0,Da
2402,F,51,Liceu,Nord-Vest,Urban,3423.0,Nu
2403,F,24,Primar,Sud-Muntenia,Rural,2585.0,Nu
2404,F,46,Facultate,Sud-Muntenia,Urban,5013.0,Nu
2405,M,49,Facultate,Nord-Est,Rural,4608.0,Da
2406,F,18,Gimnaziu,Sud-Vest Oltenia,Urban,2539.0,Nu
2407,F,43,Masterat,Vest,Urban,6955.0,Nu
2408,F,65,Facultate,Vest,Rural,4490.0,Nu
2409,M,32,Facultate,Centru,Urban,5729.0,Nu
2410,M,37,Masterat,Bucuresti-Ilfov,Urban,8882.0,Da
2411,M,56,Facultate,Centru,Rural,5414.0,Nu
2412,M,48,Facultate,Nord-Vest,Urban,6266.0,Nu
2413,M,44,Postliceal,Sud-Muntenia,Urban,5220.0,Da
2414,M,38,Facultate,Sud-Muntenia,Rural,4831.0,Da
2415,M,48,Liceu,Sud-Vest Oltenia,Rural,3188.0,Nu
2416,M,18,Liceu,Nord-Est,Urban,2965.0,Nu
2417,M,60,Liceu,Sud-Muntenia,Urban,5202.0,Nu
2418,M,26,Liceu,Nord-Est,Urban,3265.0,Da
2419,F,20,Gimnaziu,Nord-Vest,Urban,3994.0,Da
2420,F,21,Postliceal,Sud-Muntenia,Rural,3977.0,Nu
2421,M,27,Liceu,Bucuresti-Ilfov,Urban,4569.0,Nu
2422,M,40,Liceu,Nord-Vest,Rural,4603.0,Da
2423,F,49,Primar,Bucuresti-Ilfov,Rural,4279.0,Da
2424,F,36,Liceu,Bucuresti-Ilfov,Urban,4695.0,Da
2425,F,23,Masterat,Sud-Vest Oltenia,Rural,4053.0,Nu
2426,F,47,Liceu,Sud-Muntenia,Rural,4314.0,Nu
2427,M,23,Facultate,Sud-Est,Rural,4895.0,Nu
2428,M,45,Gimnaziu,Bucuresti-Ilfov,Rural,5187.0,Da
2429,M,33,Profesional,Vest,Rural,4680.0,Nu
2430,F,42,Liceu,Nord-Est,Urban,3239.0,Da
2431,F,38,Facultate,Sud-Vest Oltenia,Rural,4812.0,Nu
2432,M,34,Postliceal,Nord-Vest,Urban,4688.0,Da
2433,M,62,Liceu,Nord-Vest,Urban,5869.0,Da
2434,F,48,Postliceal,Sud-Vest Oltenia,Urban,3705.0,Nu
2435,M,50,Masterat,Vest,Urban,7247.0,Da
2436,F,39,Postliceal,Sud-Est,Urban,4019.0,Da
2437,F,51,Gimnaziu,Vest,Urban,4088.0,Da
2438,F,45,Postliceal,Nord-Vest,Rural,3824.0,Da
2439,F,26,Masterat,Sud-Muntenia,Rural,5713.0,Da
2440,F,44,Liceu,Sud-Vest Oltenia,Rural,3386.0,Da
2441,M,52,Liceu,Sud-Est,Rural,4164.0,Nu
2442,F,32,Liceu,Sud-Vest Oltenia,Urban,3883.0,Da
2443,F,41,Primar,Bucuresti-Ilfov,Urban,5307.0,Nu
2444,M,54,Gimnaziu,Sud-Vest Oltenia,Urban,3867.0,Da
2445,F,36,Facultate,Sud-Vest Oltenia,Urban,3888.0,Nu
2446,F,60,Postliceal,Nord-Est,Urban,4365.0,Nu
2447,F,35,Masterat,Sud-Muntenia,Rural,4098.0,Nu
2448,M,39,Liceu,Nord-Vest,Rural,4043.0,Nu
2449,F,33,Doctorat,Bucuresti-Ilfov,Rural,7246.0,Da
2450,F,67,Facultate,Centru,Urban,5918.0,Da
2451,F,28,Gimnaziu,Nord-Vest,Urban,4380.0,Nu
2452,F,43,Profesional,Bucuresti-Ilfov,Urban,6227.0,Nu
2453,F,46,Liceu,Vest,Rural,3424.0,Da
2454,F,47,Liceu,Sud-Vest Oltenia,Urban,2822.0,Da
2455,F,33,Facultate,Bucuresti-Ilfov,Urban,5987.0,Nu
2456,F,55,Facultate,Sud-Muntenia,Rural,3494.0,Nu
2457,F,55,,Sud-Est,Rural,3003.0,Da
2458,F,33,Liceu,Sud-Muntenia,Rural,3122.0,Da
2459,F,44,Liceu,Nord-Vest,Urban,3993.0,Da
2460,M,48,Facultate,Nord-Vest,Urban,7162.0,Nu
2461,M,31,,Bucuresti-Ilfov,Rural,7555.0,Da
2462,F,44,Liceu,Bucuresti-Ilfov,Urban,5015.0,Nu
2463,F,33,Postliceal,Nord-Est,Urban,4164.0,Nu
2464,F,32,Facultate,Bucuresti-Ilfov,Rural,5011.0,Da
2465,F,32,Profesional,Vest,Rural,3687.0,Nu
2466,F,51,Postliceal,Nord-Vest,Urban,4408.0,Da
2467,M,51,Facultate,Nord-Vest,Rural,5182.0,Da
2468,F,59,Masterat,Nord-Vest,Rural,6434.0,Da
2469,M,45,Postliceal,Bucuresti-Ilfov,Rural,4636.0,Da
2470,M,42,Postliceal,Bucuresti-Ilfov,Rural,5659.0,Da
2471,M,37,Masterat,Nord-Est,Rural,6432.0,Nu
2472,M,52,Facultate,Sud-Vest Oltenia,Rural,4947.0,Nu
2473,F,31,Masterat,Sud-Vest Oltenia,Urban,6833.0,Da
2474,F,48,Masterat,Nord-Vest,Rural,4804.0,Da
2475,F,37,Facultate,Vest,Rural,4633.0,Nu
2476,F,18,Primar,Sud-Vest Oltenia,Urban,2200.0,Da
2477,M,56,Facultate,Nord-Est,Urban,6674.0,Da
2478,M,57,Facultate,Vest,Rural,6873.0,Nu
2479,M,60,Postliceal,Centru,Rural,4761.0,Nu
2480,F,41,Liceu,Sud-Muntenia,Urban,4479.0,Da
2481,F,40,Liceu,Nord-Est,Urban,3873.0,Da
2482,F,64,Facultate,Bucuresti-Ilfov,Rural,5697.0,Da
2483,M,36,Gimnaziu,Sud-Est,Rural,3774.0,Nu
2484,M,33,Facultate,Nord-Vest,Urban,6692.0,Nu
2485,M,42,Primar,Sud-Vest Oltenia,Rural,2932.0,Nu
2486,F,34,Facultate,Sud-Est,Rural,4187.0,Nu
2487,F,43,Primar,Bucuresti-Ilfov,Urban,4169.0,Da
2488,F,25,Liceu,Nord-Est,Urban,3652.0,Nu
2489,F,34,Masterat,Nord-Est,Rural,4381.0,Da
2490,F,50,Liceu,Sud-Vest Oltenia,Urban,4095.0,Da
2491,F,45,Facultate,Bucuresti-Ilfov,Urban,7134.0,Da
2492,M,32,Facultate,Sud-Muntenia,Urban,5731.0,Da
2493,F,41,Facultate,Nord-Est,Urban,4682.0,Nu
2494,F,41,Profesional,Sud-Muntenia,Urban,4957.0,Nu
2495,F,41,Liceu,Sud-Est,Urban,4107.0,Nu
2496,F,34,Liceu,Nord-Est,Urban,3180.0,Da
2497,M,50,Profesional,Sud-Vest Oltenia,Rural,4375.0,Nu
2498,F,43,Facultate,Vest,Rural,4331.0,Da
2499,F,53,Facultate,Nord-Vest,Rural,5494.0,Da
2500,F,46,Liceu,Nord-Est,Rural,3494.0,Da
2501,M,50,Profesional,Bucuresti-Ilfov,Urban,6263.0,Nu
2502,F,52,Facultate,Bucuresti-Ilfov,Rural,6062.0,Nu
2503,M,48,Liceu,Nord-Vest,Rural,2993.0,Nu
2504,M,58,Liceu,Sud-Est,Rural,2864.0,Nu
2505,M,54,Liceu,Centru,Urban,5607.0,Da
2506,M,46,Masterat,Nord-Vest,Rural,7232.0,Nu
2507,F,38,Facultate,Bucuresti-Ilfov,Urban,5933.0,Da
2508,M,25,Postliceal,Centru,Rural,4357.0,Da
2509,M,50,Liceu,Sud-Est,Urban,3074.0,Nu
2510,F,45,Profesional,Nord-Vest,Rural,3577.0,Nu
2511,M,67,Facultate,Bucuresti-Ilfov,Rural,6538.0,Da
2512,M,42,Facultate,Sud-Muntenia,Urban,5616.0,Nu
2513,M,34,Liceu,Centru,Rural,3508.0,Nu
2514,F,29,Liceu,Centru,Urban,4820.0,Nu
2515,F,26,Masterat,Centru,Urban,5588.0,Nu
2516,M,22,Liceu,Nord-Vest,Rural,2989.0,Nu
2517,F,49,Liceu,Centru,Urban,4387.0,Da
2518,M,32,Postliceal,Sud-Vest Oltenia,Rural,3393.0,Nu
2519,F,53,Facultate,Vest,Urban,6604.0,Nu
2520,M,48,Liceu,Vest,Urban,4693.0,Nu
2521,M,41,Liceu,Bucuresti-Ilfov,Urban,6473.0,Da
2522,F,28,Liceu,Nord-Est,Urban,4228.0,Da
2523,M,45,Liceu,Bucuresti-Ilfov,Rural,4231.0,Da
2524,M,41,Profesional,Centru,Rural,3866.0,Da
2525,M,33,Profesional,Centru,Rural,5275.0,Da
2526,M,18,Liceu,Bucuresti-Ilfov,Rural,4503.0,Da
2527,F,53,Facultate,Nord-Vest,Rural,4257.0,Nu
2528,F,30,Liceu,Sud-Est,Urban,4261.0,Da
2529,F,40,Facultate,Sud-Muntenia,Urban,5425.0,Nu
2530,M,35,Postliceal,Vest,Rural,3950.0,Da
2531,M,34,Doctorat,Nord-Est,Rural,,Nu
2532,M,50,Facultate,Sud-Est,Rural,5262.0,Da
2533,M,53,Facultate,Nord-Vest,Rural,,Nu
2534,M,28,Masterat,Sud-Vest Oltenia,Urban,5465.0,Nu
2535,M,26,Facultate,Vest,Urban,6412.0,Nu
2536,M,67,Facultate,Vest,Rural,6423.0,Da
2537,M,41,Facultate,Sud-Muntenia,Rural,5296.0,Da
2538,F,24,Liceu,Centru,Urban,2442.0,Nu
2539,M,56,Doctorat,Bucuresti-Ilfov,Urban,8562.0,Da
2540,F,18,Postliceal,Sud-Vest Oltenia,Urban,3402.0,Nu
2541,F,46,Facultate,Vest,Urban,5376.0,Nu
2542,M,25,Liceu,Sud-Est,Urban,4081.0,Da
2543,M,57,Postliceal,Nord-Est,Urban,4325.0,Nu
2544,F,40,Gimnaziu,Vest,Urban,4349.0,Nu
2545,F,21,Gimnaziu,Nord-Est,Rural,2200.0,Nu
2546,F,37,Profesional,Centru,Urban,4513.0,Nu
2547,F,32,Liceu,Sud-Vest Oltenia,Urban,4119.0,Nu
2548,M,43,Gimnaziu,Sud-Muntenia,Rural,3428.0,Da
2549,F,32,Doctorat,Centru,Rural,6083.0,Da
2550,F,42,Liceu,Nord-Vest,Rural,4081.0,Da
2551,M,62,Facultate,Centru,Urban,6966.0,Nu
2552,F,21,Liceu,Sud-Est,Rural,2925.0,Nu
2553,M,39,Masterat,Nord-Est,Urban,5252.0,Nu
2554,M,25,Facultate,Vest,Urban,5410.0,Da
2555,M,36,Liceu,Sud-Est,Rural,3293.0,Nu
2556,M,52,Liceu,Sud-Muntenia,Rural,3610.0,Da
2557,M,36,Gimnaziu,Bucuresti-Ilfov,Urban,5621.0,Nu
2558,M,47,Facultate,Sud-Vest Oltenia,Rural,5153.0,Da
2559,M,45,Gimnaziu,Sud-Muntenia,Urban,2838.0,Nu
2560,F,41,Liceu,Nord-Est,Rural,3260.0,Nu
2561,M,47,Masterat,Nord-Est,Rural,5222.0,Nu
2562,M,45,Liceu,Nord-Vest,Rural,3764.0,Nu
2563,M,56,Liceu,Vest,Rural,5525.0,Da
2564,F,46,Facultate,Vest,Urban,7186.0,Da
2565,M,31,Masterat,Sud-Est,Rural,5606.0,Da
2566,M,47,Masterat,Bucuresti-Ilfov,Urban,9059.0,Nu
2567,F,35,Facultate,Nord-Vest,Urban,5406.0,Da
2568,M,47,Postliceal,Centru,Rural,5336.0,Da
2569,M,67,Postliceal,Sud-Muntenia,Urban,6080.0,Da
2570,F,49,Masterat,Sud-Vest Oltenia,Rural,5544.0,Da
2571,M,35,Facultate,Sud-Est,Rural,5118.0,Da
2572,F,31,Masterat,Nord-Est,Rural,5603.0,Da
2573,F,36,Liceu,Nord-Est,Urban,3383.0,Nu
2574,M,37,Profesional,Sud-Muntenia,Urban,4146.0,Nu
2575,F,47,Liceu,Sud-Vest Oltenia,Urban,3346.0,Nu
2576,M,24,Liceu,Centru,Urban,5629.0,Nu
2577,F,40,Postliceal,Bucuresti-Ilfov,Rural,4030.0,Nu
2578,F,18,Profesional,Sud-Muntenia,Rural,2200.0,Da
2579,F,61,Primar,Sud-Muntenia,Rural,3386.0,Nu
2580,F,47,Profesional,Centru,Urban,5681.0,Da
2581,M,27,Profesional,Sud-Vest Oltenia,Rural,3371.0,Da
2582,M,34,Primar,Sud-Muntenia,Rural,2200.0,Da
2583,F,57,Masterat,Nord-Est,Urban,5809.0,Nu
2584,F,46,Liceu,Nord-Est,Urban,4576.0,Nu
2585,F,29,Liceu,Nord-Est,Urban,2860.0,Nu
2586,F,53,Liceu,Sud-Muntenia,Urban,3686.0,Da
2587,M,62,Facultate,Sud-Est,Urban,4569.0,Nu
2588,M,57,Profesional,Nord-Est,Rural,3217.0,Da
2589,F,34,Gimnaziu,Sud-Muntenia,Urban,3345.0,Nu
2590,M,26,Liceu,Vest,Rural,3831.0,Nu
2591,F,25,Gimnaziu,Bucuresti-Ilfov,Urban,4870.0,Nu
2592,M,51,Masterat,Vest,Urban,7451.0,Nu
2593,M,36,Profesional,Bucuresti-Ilfov,Urban,5752.0,Nu
2594,F,44,Masterat,Centru,Urban,6257.0,Nu
2595,F,37,Liceu,Nord-Vest,Urban,4238.0,Nu
2596,F,52,Liceu,Nord-Est,Urban,4190.0,Da
2597,M,24,Liceu,Sud-Muntenia,Urban,3730.0,Da
2598,M,40,Primar,Sud-Muntenia,Rural,2200.0,Da
2599,M,46,Liceu,Centru,Rural,4042.0,Da
2600,F,33,Gimnaziu,Nord-Est,Urban,3423.0,Nu
2601,M,24,Profesional,Sud-Est,Urban,3517.0,Da
2602,F,33,Facultate,Vest,Rural,4761.0,Nu
2603,F,27,Primar,Sud-Muntenia,Rural,2543.0,Nu
2604,M,33,Profesional,Nord-Est,Rural,3703.0,Nu
2605,M,18,Masterat,Sud-Muntenia,Urban,6070.0,Da
2606,M,48,Profesional,Nord-Est,Urban,4122.0,Da
2607,F,40,Profesional,Sud-Muntenia,Urban,3587.0,Nu
2608,M,30,Profesional,Sud-Muntenia,Rural,3406.0,Da
2609,F,45,Postliceal,Sud-Muntenia,Urban,5690.0,Nu
2610,M,50,Facultate,Sud-Muntenia,Urban,7065.0,Da
2611,F,32,Liceu,Nord-Vest,Rural,2200.0,Nu
2612,M,40,Primar,Sud-Est,Urban,3818.0,Da
2613,F,42,Liceu,Sud-Est,Rural,3787.0,Da
2614,M,61,Liceu,Sud-Muntenia,Rural,4012.0,Nu
2615,M,37,Primar,Nord-Vest,Urban,4125.0,Nu
2616,M,29,Masterat,Sud-Est,Urban,6988.0,Nu
2617,M,44,Liceu,Nord-Vest,Rural,4365.0,Da
2618,F,24,Facultate,Sud-Muntenia,Urban,4728.0,Nu
2619,M,54,Masterat,Centru,Rural,6671.0,Da
2620,F,25,Masterat,Nord-Est,Urban,4818.0,Nu
2621,F,27,Facultate,Sud-Est,Rural,4503.0,Nu
2622,M,34,Liceu,Nord-Vest,Rural,2619.0,Nu
2623,M,61,Gimnaziu,Sud-Est,Urban,3742.0,Da
2624,F,56,Facultate,Sud-Vest Oltenia,Urban,6284.0,Nu
2625,F,49,Liceu,Sud-Est,Urban,4570.0,Nu
2626,M,56,Facultate,Centru,Rural,4909.0,Nu
2627,M,30,Liceu,Nord-Est,Urban,3855.0,Nu
2628,F,29,Primar,Nord-Est,Urban,3152.0,Da
2629,F,49,Postliceal,Centru,Rural,2964.0,Da
2630,F,25,Primar,Bucuresti-Ilfov,Rural,3310.0,Nu
2631,F,44,Facultate,Nord-Est,Urban,5820.0,Nu
2632,M,20,Primar,Sud-Muntenia,Rural,2615.0,Nu
2633,F,59,Liceu,Vest,Urban,4318.0,Da
2634,F,25,Masterat,Sud-Est,Rural,4928.0,Da
2635,M,28,Profesional,Nord-Est,Urban,3898.0,Nu
2636,F,35,Primar,Nord-Est,Rural,2581.0,Nu
2637,F,67,Primar,Bucuresti-Ilfov,Urban,4293.0,Nu
2638,F,37,Liceu,Nord-Est,Rural,2666.0,Da
2639,F,33,Facultate,Sud-Muntenia,Urban,4416.0,Nu
2640,F,58,Gimnaziu,Nord-Est,Urban,3983.0,Nu
2641,M,45,Profesional,Bucuresti-Ilfov,Urban,5604.0,Nu
2642,F,49,Masterat,Sud-Vest Oltenia,Rural,5620.0,Nu
2643,M,36,Masterat,Vest,Urban,8159.0,Nu
2644,F,47,Masterat,Nord-Vest,Urban,6633.0,Nu
2645,F,18,Facultate,Sud-Muntenia,Urban,4192.0,Da
2646,M,61,Liceu,Sud-Vest Oltenia,Rural,2584.0,Da
2647,F,42,Liceu,Sud-Muntenia,Rural,2200.0,Da
2648,M,36,Liceu,Nord-Est,Urban,4079.0,Da
2649,M,37,Postliceal,Nord-Vest,Urban,5438.0,Nu
2650,M,22,Gimnaziu,Nord-Vest,Urban,3806.0,Nu
2651,F,27,Liceu,Sud-Muntenia,Urban,2961.0,Nu
2652,M,47,Masterat,Sud-Muntenia,Urban,6894.0,Da
2653,M,40,Liceu,Centru,Rural,3570.0,Nu
2654,M,49,Postliceal,Centru,Rural,4109.0,Da
2655,M,40,Gimnaziu,Sud-Est,Urban,3451.0,Nu
2656,F,41,Gimnaziu,Centru,Rural,3153.0,Nu
2657,M,39,Liceu,Vest,Rural,4740.0,Nu
2658,M,19,Facultate,Vest,Rural,4126.0,Nu
2659,M,30,Postliceal,Centru,Urban,4114.0,Da
2660,M,29,Profesional,Bucuresti-Ilfov,Urban,4928.0,Da
2661,M,51,Gimnaziu,Vest,Urban,4247.0,Nu
2662,M,58,Liceu,Bucuresti-Ilfov,Rural,6052.0,Da
2663,F,46,Facultate,Nord-Est,Rural,3480.0,Nu
2664,F,41,Facultate,Sud-Muntenia,Urban,4900.0,Nu
2665,F,52,Profesional,Vest,Urban,4313.0,Nu
2666,M,18,Facultate,Bucuresti-Ilfov,Urban,6324.0,Da
2667,M,32,Liceu,Nord-Est,Rural,2254.0,Nu
2668,M,49,Profesional,Centru,Urban,4811.0,Da
2669,F,31,Postliceal,Sud-Est,Urban,5144.0,Da
2670,F,47,Liceu,Nord-Est,Rural,2653.0,Nu
2671,F,33,Facultate,Sud-Muntenia,Urban,4974.0,Nu
2672,M,37,Liceu,Nord-Est,Urban,4489.0,Da
2673,M,39,Facultate,Sud-Est,Urban,4956.0,Nu
2674,F,43,Masterat,Nord-Vest,Rural,6833.0,Nu
2675,M,29,Primar,Nord-Est,Rural,2230.0,Nu
2676,F,63,Facultate,Sud-Est,Urban,6102.0,Da
2677,M,41,Liceu,Bucuresti-Ilfov,Urban,6021.0,Nu
2678,M,59,Gimnaziu,Sud-Vest Oltenia,Rural,3375.0,Nu
2679,M,44,Facultate,Sud-Vest Oltenia,Rural,5631.0,Da
2680,F,47,Liceu,Nord-Vest,Urban,3666.0,Nu
2681,F,53,Postliceal,Vest,Urban,5239.0,Nu
2682,F,46,Facultate,Nord-Est,Urban,4722.0,Nu
2683,M,43,Profesional,Vest,Urban,6218.0,Nu
2684,F,29,Postliceal,Sud-Est,Urban,3939.0,Nu
2685,M,25,Postliceal,Nord-Est,Rural,3553.0,Nu
2686,F,41,Facultate,Nord-Est,Rural,4358.0,Nu
2687,M,44,Liceu,Nord-Vest,Rural,3456.0,Nu
2688,M,36,Gimnaziu,Vest,Rural,3547.0,Da
2689,M,19,Gimnaziu,Bucuresti-Ilfov,Rural,4176.0,Nu
2690,M,37,Liceu,Nord-Vest,Urban,5217.0,Nu
2691,F,63,Facultate,Sud-Vest Oltenia,Rural,3890.0,Nu
2692,M,55,Postliceal,Centru,Urban,4819.0,Nu
2693,F,42,Primar,Sud-Est,Rural,2200.0,Nu
2694,F,48,Gimnaziu,Nord-Vest,Rural,4412.0,Nu
2695,F,67,Liceu,Sud-Vest Oltenia,Rural,3008.0,Nu
2696,M,37,Gimnaziu,Sud-Est,Urban,4059.0,Nu
2697,M,61,,Nord-Vest,Rural,4468.0,Nu
2698,M,53,Facultate,Centru,Urban,7115.0,Da
2699,M,48,Postliceal,Centru,Urban,5419.0,Da
2700,M,44,Liceu,Nord-Vest,Urban,4942.0,Da
2701,F,22,Masterat,Centru,Rural,4582.0,Da
2702,F,36,Masterat,Nord-Est,Rural,4848.0,Nu
2703,M,18,Doctorat,Sud-Vest Oltenia,Rural,6659.0,Da
2704,M,36,Profesional,Nord-Est,Rural,2837.0,Da
2705,M,66,Gimnaziu,Nord-Vest,Urban,5057.0,Nu
2706,M,53,Profesional,Bucuresti-Ilfov,Rural,,Nu
2707,M,46,Masterat,Sud-Est,Rural,6381.0,Nu
2708,F,56,Liceu,Bucuresti-Ilfov,Urban,5499.0,Nu
2709,M,47,Gimnaziu,Sud-Est,Rural,3743.0,Nu
2710,F,38,Facultate,Nord-Est,Urban,5389.0,Nu
2711,M,29,Facultate,Sud-Est,Urban,6408.0,Da
2712,M,34,Postliceal,Nord-Vest,Urban,4833.0,Nu
2713,M,24,Liceu,Nord-Vest,Urban,4115.0,Nu
2714,F,27,Liceu,Nord-Vest,Rural,3548.0,Nu
2715,F,19,Facultate,Nord-Est,Urban,5377.0,Nu
2716,M,46,Profesional,Bucuresti-Ilfov,Urban,6338.0,Da
2717,M,27,Profesional,Nord-Vest,Urban,4856.0,Da
2718,M,46,Masterat,Vest,Urban,6643.0,Da
2719,F,22,Gimnaziu,Centru,Urban,4654.0,Da
2720,M,40,Primar,Sud-Muntenia,Urban,3704.0,Nu
2721,M,27,Liceu,Nord-Vest,Rural,5328.0,Da
2722,F,18,Postliceal,Sud-Muntenia,Urban,,Nu
2723,F,27,Profesional,Bucuresti-Ilfov,Urban,5043.0,Da
2724,M,44,Primar,Bucuresti-Ilfov,Urban,6506.0,Nu
2725,M,42,Primar,Nord-Vest,Rural,3505.0,Nu
2726,F,48,Liceu,Vest,Urban,6066.0,Da
2727,M,44,Liceu,Sud-Vest Oltenia,Urban,3834.0,Nu
2728,M,28,Facultate,Vest,Urban,5646.0,Da
2729,F,52,Masterat,Sud-Est,Urban,6394.0,Da
2730,M,39,Postliceal,Sud-Vest Oltenia,Rural,3724.0,Nu
2731,F,37,Gimnaziu,Sud-Est,Urban,2760.0,Da
2732,M,44,Liceu,Sud-Est,Urban,4420.0,Nu
2733,F,47,Masterat,Nord-Est,Urban,6396.0,Nu
2734,F,41,Gimnaziu,Nord-Est,Rural,2200.0,Nu
2735,F,37,Gimnaziu,Sud-Est,Urban,2880.0,Nu
2736,M,51,Masterat,Sud-Vest Oltenia,Rural,7072.0,Nu
2737,F,54,Liceu,Sud-Muntenia,Rural,3155.0,Nu
2738,F,47,Gimnaziu,Centru,Rural,2762.0,Da
2739,M,39,Liceu,Sud-Muntenia,Rural,2856.0,Nu
2740,F,38,Liceu,Bucuresti-Ilfov,Urban,5468.0,Nu
2741,F,21,Liceu,Bucuresti-Ilfov,Urban,3960.0,Da
2742,F,63,Liceu,Sud-Muntenia,Urban,3742.0,Nu
2743,F,30,Postliceal,Nord-Vest,Urban,4077.0,Nu
2744,F,51,Primar,Bucuresti-Ilfov,Rural,4325.0,Nu
2745,F,49,Doctorat,Sud-Muntenia,Rural,6002.0,Da
2746,F,41,Liceu,Bucuresti-Ilfov,Urban,5936.0,Nu
2747,M,61,Postliceal,Vest,Urban,5654.0,Nu
2748,F,33,Facultate,Centru,Rural,3733.0,Nu
2749,M,42,Facultate,Sud-Est,Rural,5753.0,Nu
2750,M,30,Postliceal,Sud-Vest Oltenia,Urban,4835.0,Da
2751,M,27,Liceu,Bucuresti-Ilfov,Rural,4747.0,Da
2752,M,31,Liceu,Bucuresti-Ilfov,Urban,5283.0,Da
2753,M,67,Facultate,Sud-Est,Urban,6521.0,Nu
2754,F,60,Liceu,Bucuresti-Ilfov,Urban,5837.0,Nu
2755,M,21,Liceu,Sud-Vest Oltenia,Urban,3786.0,Da
2756,M,51,Facultate,Vest,Urban,6005.0,Nu
2757,M,37,Facultate,Sud-Est,Urban,5530.0,Da
2758,M,32,Facultate,Sud-Vest Oltenia,Rural,4661.0,Nu
2759,F,36,Postliceal,Vest,Rural,4208.0,Nu
2760,M,64,Liceu,Sud-Est,Urban,5301.0,Nu
2761,F,48,Gimnaziu,Bucuresti-Ilfov,Urban,5186.0,Nu
2762,M,33,Liceu,Nord-Est,Urban,2985.0,Da
2763,M,33,Profesional,Centru,Urban,5264.0,Nu
2764,F,32,Facultate,Bucuresti-Ilfov,Urban,5864.0,Da
2765,M,35,Gimnaziu,Centru,Rural,3341.0,Nu
2766,M,53,Liceu,Vest,Rural,4231.0,Nu
2767,M,55,Liceu,Sud-Muntenia,Urban,4418.0,Da
2768,M,56,Gimnaziu,Centru,Rural,4249.0,Nu
2769,F,31,Masterat,Vest,Rural,5494.0,Nu
2770,M,46,Liceu,Nord-Est,Rural,2242.0,Da
2771,M,50,Masterat,Bucuresti-Ilfov,Rural,6150.0,Da
2772,F,34,,Sud-Est,Urban,3461.0,Nu
2773,F,42,Liceu,Sud-Est,Urban,3912.0,Da
2774,F,46,Liceu,Sud-Muntenia,Rural,2223.0,Da
2775,M,56,Liceu,Bucuresti-Ilfov,Urban,6149.0,Da
2776,M,20,Facultate,Vest,Urban,6880.0,Nu
2777,M,54,Profesional,Centru,Rural,5413.0,Nu
2778,F,28,Liceu,Bucuresti-Ilfov,Urban,5385.0,Da
2779,M,35,Masterat,Nord-Vest,Urban,7450.0,Da
2780,M,28,Liceu,Sud-Muntenia,Rural,2998.0,Nu
2781,M,49,Facultate,Bucuresti-Ilfov,Urban,8184.0,Da
2782,M,49,Liceu,Bucuresti-Ilfov,Rural,4768.0,Nu
2783,M,31,Facultate,Vest,Urban,6591.0,Da
2784,M,36,Liceu,Nord-Vest,Urban,5000.0,Da
2785,F,41,Gimnaziu,Sud-Est,Urban,4347.0,Nu
2786,F,37,,Vest,Urban,4849.0,Da
2787,M,42,Profesional,Bucuresti-Ilfov,Urban,5824.0,Da
2788,F,30,Liceu,Centru,Rural,2739.0,Nu
2789,M,45,Profesional,Sud-Muntenia,Urban,3760.0,Da
2790,M,30,Primar,Sud-Muntenia,Urban,3686.0,Da
2791,M,49,Postliceal,Bucuresti-Ilfov,Rural,6356.0,Da
2792,F,61,Liceu,Sud-Est,Urban,3442.0,Da
2793,F,44,Profesional,Bucuresti-Ilfov,Urban,5856.0,Nu
2794,F,18,Masterat,Sud-Est,Rural,5060.0,Nu
2795,M,36,Gimnaziu,Sud-Muntenia,Rural,4094.0,Nu
2796,M,40,Postliceal,Nord-Vest,Urban,4271.0,Da
2797,F,48,Liceu,Nord-Est,Urban,2879.0,Nu
2798,F,39,Gimnaziu,Bucuresti-Ilfov,Urban,5304.0,Nu
2799,F,39,Liceu,Nord-Vest,Urban,3392.0,Da
2800,F,18,Facultate,Sud-Est,Rural,3231.0,Nu
2801,M,27,Facultate,Nord-Vest,Rural,5252.0,Nu
2802,M,30,Liceu,Vest,Rural,4430.0,Nu
2803,M,52,Liceu,Sud-Muntenia,Urban,4650.0,Da
2804,F,51,Liceu,Nord-Vest,Urban,5261.0,Da
2805,F,48,Liceu,Bucuresti-Ilfov,Urban,5624.0,Da
2806,M,48,Postliceal,Nord-Est,Urban,4731.0,Da
2807,M,67,Gimnaziu,Vest,Rural,3664.0,Da
2808,M,40,,Nord-Est,Rural,4076.0,Nu
2809,F,41,Liceu,Centru,Rural,2742.0,Nu
2810,M,33,Facultate,Sud-Est,Rural,4437.0,Da
2811,F,42,Liceu,Nord-Est,Rural,2879.0,Nu
2812,F,36,,Nord-Est,Rural,3110.0,Nu
2813,F,44,Liceu,Sud-Muntenia,Urban,3631.0,Nu
2814,M,46,Primar,Bucuresti-Ilfov,Rural,4281.0,Nu
2815,M,43,Masterat,Centru,Urban,7082.0,Nu
2816,M,35,Gimnaziu,Nord-Vest,Urban,4014.0,Nu
2817,M,51,Postliceal,Vest,Urban,5065.0,Nu
2818,F,57,Liceu,Nord-Vest,Rural,3502.0,Nu
2819,M,52,Primar,Nord-Est,Rural,2302.0,Da
2820,F,45,Masterat,Sud-Muntenia,Rural,5782.0,Da
2821,M,25,Facultate,Sud-Muntenia,Rural,4078.0,Nu
2822,F,24,Liceu,Sud-Muntenia,Urban,2971.0,Nu
2823,M,44,Liceu,Bucuresti-Ilfov,Rural,4679.0,Nu
2824,M,37,Facultate,Vest,Rural,5046.0,Da
2825,M,41,Facultate,Vest,Rural,5508.0,Nu
2826,F,45,Doctorat,Sud-Muntenia,Urban,6340.0,Nu
2827,F,53,Profesional,Centru,Urban,4888.0,Nu
2828,F,24,Postliceal,Sud-Vest Oltenia,Rural,3428.0,Da
2829,M,32,Gimnaziu,Nord-Vest,Rural,3826.0,Nu
2830,F,60,Liceu,Sud-Est,Rural,3445.0,Nu
2831,F,61,Liceu,Sud-Est,Rural,2200.0,Nu
2832,F,34,Liceu,Sud-Muntenia,Rural,2719.0,Nu
2833,M,39,Facultate,Sud-Est,Urban,5858.0,Da
2834,M,26,Primar,Sud-Muntenia,Rural,2539.0,Nu
2835,M,37,Gimnaziu,Centru,Urban,4012.0,Nu
2836,M,37,Facultate,Nord-Vest,Rural,6714.0,Nu
2837,F,46,Liceu,Sud-Muntenia,Urban,2506.0,Da
2838,F,29,Gimnaziu,Vest,Urban,4461.0,Da
2839,M,40,Masterat,Centru,Rural,6338.0,Da
2840,M,55,Masterat,Sud-Muntenia,Urban,5384.0,Nu
2841,F,44,Liceu,Bucuresti-Ilfov,Rural,4161.0,Nu
2842,M,25,Gimnaziu,Nord-Est,Urban,2532.0,Nu
2843,F,39,Gimnaziu,Vest,Rural,3690.0,Da
2844,F,50,Facultate,Vest,Urban,6576.0,Nu
2845,F,52,Masterat,Sud-Vest Oltenia,Rural,5259.0,Da
2846,F,43,Gimnaziu,Centru,Urban,4143.0,Nu
2847,F,30,Liceu,Bucuresti-Ilfov,Rural,4716.0,Nu
2848,M,41,Masterat,Centru,Rural,6976.0,Nu
2849,F,41,Postliceal,Bucuresti-Ilfov,Urban,6411.0,Nu
2850,M,54,Liceu,Sud-Vest Oltenia,Rural,2788.0,Nu
2851,F,18,Liceu,Centru,Rural,2200.0,Da
2852,F,53,Profesional,Nord-Est,Rural,2549.0,Nu
2853,M,41,Postliceal,Bucuresti-Ilfov,Rural,5203.0,Nu
2854,F,29,Masterat,Centru,Urban,5867.0,Nu
2855,M,18,Liceu,Centru,Rural,2259.0,Nu
2856,F,59,Facultate,Nord-Est,Urban,5736.0,Nu
2857,F,29,Liceu,Sud-Muntenia,Urban,2930.0,Nu
2858,M,24,Liceu,Sud-Est,Urban,3946.0,Nu
2859,F,47,Profesional,Sud-Est,Urban,5450.0,Nu
2860,M,58,Facultate,Sud-Vest Oltenia,Urban,6355.0,Da
2861,M,39,Facultate,Vest,Rural,4766.0,Nu
2862,F,26,Masterat,Bucuresti-Ilfov,Rural,5439.0,Nu
2863,M,30,Liceu,Sud-Est,Rural,3734.0,Nu
2864,M,47,Primar,Sud-Est,Rural,3115.0,Da
2865,M,29,Gimnaziu,Sud-Est,Rural,2948.0,Da
2866,M,58,Liceu,Sud-Est,Urban,4964.0,Nu
2867,M,37,Liceu,Bucuresti-Ilfov,Urban,6759.0,Nu
2868,M,67,Liceu,Nord-Est,Rural,3863.0,Nu
2869,F,43,Liceu,Bucuresti-Ilfov,Rural,4989.0,Nu
2870,F,45,Postliceal,Centru,Rural,4999.0,Nu
2871,F,53,Masterat,Centru,Rural,5720.0,Nu
2872,M,33,Masterat,Centru,Rural,5952.0,Nu
2873,M,29,Profesional,Centru,Rural,3495.0,Nu
2874,F,53,Profesional,Sud-Est,Rural,3065.0,Da
2875,F,23,Liceu,Bucuresti-Ilfov,Urban,5130.0,Da
2876,F,54,Liceu,Sud-Muntenia,Rural,3396.0,Da
2877,M,20,Liceu,Centru,Urban,4457.0,Nu
2878,M,63,Postliceal,Vest,Rural,4157.0,Nu
2879,M,43,Gimnaziu,Sud-Muntenia,Urban,4966.0,Da
2880,F,26,Profesional,Sud-Est,Rural,2200.0,Da
2881,F,46,Profesional,Vest,Urban,4233.0,Da
2882,F,60,Liceu,Nord-Est,Rural,3071.0,Nu
2883,F,22,Masterat,Centru,Rural,4977.0,Da
2884,M,44,Masterat,Sud-Est,Rural,6538.0,Da
2885,M,48,Profesional,Sud-Est,Urban,4735.0,Da
2886,F,38,Masterat,Vest,Urban,6517.0,Da
2887,M,38,Facultate,Bucuresti-Ilfov,Rural,6021.0,Da
2888,M,38,Facultate,Bucuresti-Ilfov,Rural,6351.0,Nu
2889,F,38,Liceu,Centru,Rural,4142.0,Nu
2890,F,47,Gimnaziu,Nord-Vest,Urban,4852.0,Da
2891,M,60,Gimnaziu,Sud-Vest Oltenia,Rural,2594.0,Nu
2892,M,37,Masterat,Sud-Muntenia,Urban,5773.0,Da
2893,F,22,Masterat,Bucuresti-Ilfov,Rural,6418.0,Nu
2894,M,32,Liceu,Bucuresti-Ilfov,Urban,6304.0,Da
2895,M,52,Facultate,Sud-Muntenia,Urban,6531.0,Da
2896,M,56,Facultate,Centru,Rural,5012.0,Nu
2897,F,24,Profesional,Bucuresti-Ilfov,Urban,4825.0,Da
2898,M,40,Profesional,Nord-Est,Urban,2939.0,Da
2899,F,36,Facultate,Sud-Muntenia,Urban,5005.0,Nu
2900,M,62,Liceu,Sud-Est,Urban,4856.0,Da
2901,M,18,Postliceal,Sud-Vest Oltenia,Urban,3811.0,Da
2902,M,36,Primar,Sud-Vest Oltenia,Urban,4178.0,Nu
2903,F,20,Postliceal,Sud-Muntenia,Urban,3860.0,Nu
2904,F,45,Liceu,Vest,Urban,4410.0,Nu
2905,F,59,Profesional,Sud-Est,Urban,4200.0,Da
2906,M,39,Profesional,Nord-Est,Rural,3610.0,Nu
2907,M,52,Liceu,Sud-Muntenia,Rural,2343.0,Nu
2908,M,23,Liceu,Bucuresti-Ilfov,Urban,5020.0,Da
2909,M,37,Facultate,Nord-Vest,Rural,5064.0,Nu
2910,M,50,Liceu,Vest,Rural,4215.0,Nu
2911,M,30,Masterat,Sud-Muntenia,Rural,5646.0,Nu
2912,F,25,Facultate,Sud-Est,Urban,4742.0,Da
2913,M,36,Facultate,Centru,Urban,6314.0,Da
2914,M,57,Profesional,Nord-Vest,Urban,5000.0,Da
2915,F,23,Postliceal,Vest,Rural,3626.0,Nu
2916,F,67,Liceu,Nord-Est,Rural,2950.0,Nu
2917,M,41,Postliceal,Bucuresti-Ilfov,Urban,5984.0,Da
2918,F,18,Profesional,Bucuresti-Ilfov,Rural,3531.0,Nu
2919,F,45,Liceu,Vest,Rural,4884.0,Da
2920,M,25,Postliceal,Bucuresti-Ilfov,Rural,5619.0,Da
2921,M,48,Postliceal,Sud-Vest Oltenia,Rural,5063.0,Nu
2922,M,20,Facultate,Nord-Vest,Urban,5434.0,Da
2923,M,50,Profesional,Sud-Muntenia,Urban,4730.0,Nu
2924,M,36,Gimnaziu,Sud-Est,Urban,4022.0,Nu
2925,M,40,Masterat,Nord-Est,Rural,5206.0,Da
2926,M,35,Profesional,Nord-Vest,Urban,4616.0,Da
2927,F,53,Gimnaziu,Sud-Muntenia,Rural,3063.0,Nu
2928,M,24,Liceu,Sud-Muntenia,Urban,4159.0,Da
2929,F,19,Facultate,Sud-Vest Oltenia,Rural,2663.0,Da
2930,M,59,Liceu,Nord-Est,Rural,3457.0,Da
2931,F,20,Facultate,Nord-Est,Urban,3875.0,Da
2932,M,40,Facultate,Nord-Vest,Rural,5416.0,Nu
2933,F,67,Masterat,Sud-Muntenia,Rural,4767.0,Da
2934,M,56,Facultate,Centru,Urban,5927.0,Nu
2935,F,62,Profesional,Vest,Urban,4332.0,Da
2936,F,30,Primar,Sud-Muntenia,Urban,3771.0,Nu
2937,M,29,Profesional,Sud-Est,Urban,4338.0,Nu
2938,M,66,Facultate,Sud-Est,Urban,5970.0,Da
2939,F,34,Profesional,Nord-Est,Rural,2260.0,Da
2940,M,32,Liceu,Bucuresti-Ilfov,Urban,5270.0,Da
2941,M,63,Liceu,Sud-Est,Rural,3334.0,Nu
2942,M,60,Gimnaziu,Centru,Urban,5283.0,Nu
2943,F,28,Postliceal,Sud-Vest Oltenia,Rural,3254.0,Nu
2944,M,24,Liceu,Nord-Vest,Rural,3060.0,Da
2945,F,45,Liceu,Nord-Est,Rural,3288.0,Nu
2946,F,37,Facultate,Nord-Est,Urban,5127.0,Nu
2947,F,66,Facultate,Sud-Est,Rural,5484.0,Da
2948,F,35,Facultate,Centru,Rural,4523.0,Da
2949,M,47,Facultate,Sud-Est,Urban,6930.0,Nu
2950,F,37,Profesional,Bucuresti-Ilfov,Rural,4120.0,Da
2951,M,45,Gimnaziu,Nord-Est,Rural,3272.0,Nu
2952,F,34,Liceu,Sud-Muntenia,Rural,3790.0,Nu
2953,F,26,Masterat,Sud-Est,Urban,5737.0,Nu
2954,M,30,Masterat,Sud-Est,Rural,5413.0,Da
2955,F,34,Gimnaziu,Bucuresti-Ilfov,Rural,3799.0,Nu
2956,F,18,Doctorat,Sud-Est,Rural,6200.0,Da
2957,M,18,Facultate,Sud-Muntenia,Urban,4923.0,Nu
2958,M,32,Primar,Nord-Vest,Urban,3899.0,Da
2959,M,30,Liceu,Vest,Urban,4789.0,Da
2960,F,19,Gimnaziu,Sud-Est,Urban,3007.0,Nu
2961,F,58,Liceu,Vest,Rural,4543.0,Nu
2962,F,56,Primar,Sud-Est,Urban,4123.0,Nu
2963,M,34,Profesional,Sud-Est,Rural,2699.0,Da
2964,F,55,Postliceal,Centru,Urban,5027.0,Nu
2965,F,25,Facultate,Sud-Muntenia,Rural,4445.0,Nu
2966,M,51,Facultate,Bucuresti-Ilfov,Urban,6807.0,Da
2967,M,50,Profesional,Nord-Est,Urban,4595.0,Da
2968,M,51,Liceu,Centru,Urban,5704.0,Nu
2969,M,43,Liceu,Nord-Est,Rural,2200.0,Da
2970,F,41,Masterat,Vest,Rural,5613.0,Da
2971,F,39,Liceu,Nord-Vest,Rural,3498.0,Nu
2972,M,56,Facultate,Centru,Urban,8100.0,Nu
2973,M,37,Facultate,Sud-Muntenia,Rural,5487.0,Da
2974,F,53,Primar,Sud-Vest Oltenia,Rural,2417.0,Da
2975,M,37,Profesional,Vest,Rural,4597.0,Da
2976,F,41,Primar,Vest,Urban,4155.0,Nu
2977,M,32,Facultate,Nord-Est,Urban,4675.0,Nu
2978,F,39,Gimnaziu,Nord-Vest,Urban,4217.0,Da
2979,F,48,Facultate,Sud-Muntenia,Urban,,Nu
2980,M,39,Gimnaziu,Centru,Urban,4511.0,Nu
2981,M,42,Profesional,Nord-Vest,Urban,3634.0,Da
2982,M,48,Postliceal,Bucuresti-Ilfov,Urban,6018.0,Nu
2983,F,45,Facultate,Bucuresti-Ilfov,Rural,6764.0,Da
2984,F,34,Liceu,Sud-Muntenia,Urban,2774.0,Nu
2985,F,47,Postliceal,Centru,Rural,3845.0,Nu
2986,F,43,Liceu,Nord-Vest,Rural,3595.0,Da
2987,M,27,Liceu,Nord-Vest,Rural,4020.0,Nu
2988,M,49,Facultate,Nord-Vest,Urban,6963.0,Da
2989,F,35,Facultate,Sud-Muntenia,Urban,4895.0,Nu
2990,M,48,Facultate,Sud-Est,Rural,4653.0,Da
2991,F,25,Liceu,Bucuresti-Ilfov,Urban,4046.0,Da
2992,F,28,Liceu,Nord-Vest,Urban,3487.0,Nu
2993,F,49,Primar,Nord-Vest,Urban,3068.0,Nu
2994,F,65,Liceu,Bucuresti-Ilfov,Urban,4655.0,Da
2995,F,31,Postliceal,Vest,Rural,4635.0,Nu
2996,M,56,Liceu,Sud-Vest Oltenia,Rural,3895.0,Nu
2997,F,33,Postliceal,Nord-Est,Urban,2407.0,Da
2998,F,41,Liceu,Nord-Est,Urban,4561.0,Nu
2999,M,49,Postliceal,Sud-Vest Oltenia,Urban,4964.0,Nu
3000,F,42,Postliceal,Nord-Vest,Rural,3738.0,Nu
3001,M,32,Facultate,Sud-Muntenia,Urban,5487.0,Nu
3002,F,39,Gimnaziu,Nord-Vest,Urban,4342.0,Nu
3003,F,67,Facultate,Centru,Urban,5949.0,Nu
3004,M,19,Primar,Bucuresti-Ilfov,Rural,3380.0,Da
3005,F,65,Liceu,Nord-Est,Rural,3574.0,Nu
3006,F,54,Liceu,Nord-Est,Rural,2200.0,Da
3007,F,57,Profesional,Centru,Rural,3273.0,Nu
3008,F,44,Liceu,Centru,Rural,3255.0,Nu
3009,M,18,Liceu,Nord-Est,Urban,3217.0,Nu
3010,F,37,Facultate,Centru,Urban,4759.0,Da
3011,F,18,Gimnaziu,Bucuresti-Ilfov,Urban,4169.0,Nu
3012,F,55,Masterat,Sud-Muntenia,Rural,6463.0,Nu
3013,F,35,Primar,Bucuresti-Ilfov,Rural,4354.0,Nu
3014,M,55,Primar,Nord-Est,Urban,3947.0,Da
3015,F,46,Postliceal,Bucuresti-Ilfov,Urban,5317.0,Da
3016,F,43,Liceu,Sud-Est,Rural,3123.0,Da
3017,F,35,Profesional,Vest,Rural,3604.0,Nu
3018,F,55,Facultate,Nord-Vest,Urban,5324.0,Da
3019,F,52,Primar,Nord-Est,Rural,2200.0,Nu
3020,M,47,Liceu,Nord-Est,Rural,2287.0,Da
3021,F,27,Profesional,Sud-Est,Urban,3114.0,Nu
3022,F,29,Facultate,Sud-Muntenia,Rural,3734.0,Nu
3023,F,66,Facultate,Nord-Vest,Rural,4640.0,Da
3024,F,42,Postliceal,Nord-Vest,Urban,3451.0,Nu
3025,F,46,Facultate,Bucuresti-Ilfov,Urban,7010.0,Nu
3026,M,43,Profesional,Bucuresti-Ilfov,Rural,5988.0,Nu
3027,F,38,Profesional,Sud-Est,Urban,5257.0,Da
3028,M,24,Liceu,Sud-Muntenia,Rural,2200.0,Nu
3029,M,67,Gimnaziu,Centru,Urban,4853.0,Nu
3030,M,48,Doctorat,Sud-Est,Rural,7478.0,Da
3031,F,51,Postliceal,Nord-Vest,Urban,4544.0,Nu
3032,F,53,Postliceal,Sud-Est,Urban,4324.0,Nu
3033,M,48,Liceu,Sud-Est,Urban,6082.0,Nu
3034,F,33,Liceu,Nord-Est,Urban,2899.0,Nu
3035,M,49,Facultate,Nord-Vest,Urban,5921.0,Da
3036,F,53,Facultate,Sud-Est,Urban,6131.0,Da
3037,F,52,Masterat,Bucuresti-Ilfov,Urban,6773.0,Nu
3038,M,43,Facultate,Sud-Vest Oltenia,Urban,5948.0,Da
3039,M,45,Facultate,Bucuresti-Ilfov,Rural,5761.0,Nu
3040,F,42,Liceu,Centru,Rural,3531.0,Nu
3041,M,32,Gimnaziu,Sud-Muntenia,Urban,3815.0,Da
3042,M,22,Facultate,Centru,Urban,6105.0,Nu
3043,M,55,Facultate,Vest,Rural,5128.0,Da
3044,M,39,Masterat,Sud-Est,Rural,5317.0,Nu
3045,F,34,Liceu,Sud-Muntenia,Rural,2986.0,Nu
3046,F,36,Masterat,Vest,Rural,6001.0,Nu
3047,F,46,Liceu,Sud-Vest Oltenia,Urban,3359.0,Nu
3048,F,36,Facultate,Nord-Est,Urban,4551.0,Da
3049,F,36,Facultate,Sud-Est,Rural,4998.0,Da
3050,M,28,Profesional,Nord-Vest,Urban,4036.0,Nu
3051,M,48,Liceu,Vest,Rural,5560.0,Da
3052,F,49,Liceu,Sud-Muntenia,Rural,3465.0,Nu
3053,F,29,Doctorat,Centru,Urban,7746.0,Nu
3054,M,58,Liceu,Nord-Vest,Urban,4878.0,Da
3055,M,40,Liceu,Nord-Vest,Rural,2698.0,Nu
3056,M,39,Facultate,Nord-Est,Rural,4364.0,Nu
3057,F,43,Liceu,Centru,Urban,4139.0,Nu
3058,M,33,Liceu,Sud-Vest Oltenia,Rural,3808.0,Da
3059,F,64,Profesional,Sud-Vest Oltenia,Urban,4144.0,Nu
3060,F,46,Masterat,Sud-Muntenia,Urban,6460.0,Nu
3061,F,41,Facultate,Sud-Est,Urban,5875.0,Nu
3062,F,23,Profesional,Bucuresti-Ilfov,Rural,4299.0,Da
3063,F,42,Liceu,Nord-Est,Rural,2254.0,Da
3064,F,18,Profesional,Sud-Muntenia,Urban,3427.0,Da
3065,F,23,Liceu,Centru,Rural,3415.0,Nu
3066,F,36,Postliceal,Centru,Urban,5165.0,Nu
3067,F,24,Liceu,Centru,Urban,4483.0,Da
3068,M,41,Liceu,Centru,Rural,3557.0,Nu
3069,M,54,Profesional,Nord-Est,Urban,3545.0,Da
3070,F,39,Facultate,Sud-Muntenia,Rural,3828.0,Da
3071,M,35,Liceu,Sud-Muntenia,Rural,2360.0,Da
3072,F,46,Masterat,Bucuresti-Ilfov,Rural,7455.0,Nu
3073,F,52,Profesional,Sud-Muntenia,Rural,3095.0,Nu
3074,M,51,Liceu,Nord-Est,Rural,3148.0,Da
3075,F,53,Facultate,Centru,Urban,6196.0,Da
3076,F,42,Facultate,Centru,Rural,5426.0,Nu
3077,M,35,Profesional,Nord-Vest,Rural,,Da
3078,M,37,Profesional,Centru,Rural,4002.0,Nu
3079,M,48,Liceu,Bucuresti-Ilfov,Urban,5048.0,Nu
3080,M,40,Liceu,Sud-Vest Oltenia,Rural,2840.0,Da
3081,F,42,Liceu,Sud-Est,Rural,3531.0,Nu
3082,F,59,Doctorat,Bucuresti-Ilfov,Urban,9109.0,Nu
3083,M,31,Profesional,Bucuresti-Ilfov,Rural,4094.0,Nu
3084,M,48,Liceu,Bucuresti-Ilfov,Urban,6575.0,Nu
3085,M,39,Liceu,Bucuresti-Ilfov,Rural,6648.0,Da
3086,F,35,Liceu,Nord-Est,Rural,2521.0,Nu
3087,F,39,Postliceal,Nord-Vest,Urban,4444.0,Nu
3088,F,56,Facultate,Centru,Rural,6016.0,Nu
3089,F,42,Facultate,Bucuresti-Ilfov,Rural,6106.0,Nu
3090,F,25,Profesional,Vest,Urban,3609.0,Nu
3091,F,18,Liceu,Centru,Rural,3288.0,Nu
3092,M,38,Gimnaziu,Bucuresti-Ilfov,Urban,5652.0,Da
3093,M,54,Profesional,Sud-Muntenia,Urban,4875.0,Da
3094,F,30,Masterat,Centru,Rural,4975.0,Da
3095,F,45,Facultate,Sud-Muntenia,Urban,5050.0,Da
3096,F,49,Profesional,Sud-Vest Oltenia,Urban,2899.0,Nu
3097,F,26,Profesional,Centru,Rural,2541.0,Nu
3098,M,52,Profesional,Bucuresti-Ilfov,Urban,6166.0,Nu
3099,M,53,Profesional,Sud-Vest Oltenia,Urban,5054.0,Nu
3100,F,45,Facultate,Nord-Vest,Urban,4822.0,Nu
3101,F,41,Liceu,Vest,Urban,4819.0,Nu
3102,M,60,Liceu,Sud-Est,Urban,4540.0,Nu
3103,F,35,Liceu,Bucuresti-Ilfov,Rural,4517.0,Nu
3104,M,27,Facultate,Centru,Urban,6504.0,Nu
3105,F,38,Liceu,Nord-Vest,Urban,3699.0,Da
3106,F,42,,Nord-Vest,Urban,4479.0,Nu
3107,M,54,Liceu,Sud-Est,Urban,4263.0,Da
3108,F,38,Masterat,Nord-Est,Rural,4455.0,Da
3109,M,57,Liceu,Nord-Est,Urban,3135.0,Nu
3110,F,28,Profesional,Sud-Est,Urban,3058.0,Da
3111,M,47,Liceu,Nord-Vest,Urban,4902.0,Nu
3112,F,47,Postliceal,Bucuresti-Ilfov,Urban,5767.0,Da
3113,F,49,Profesional,Nord-Est,Rural,2591.0,Nu
3114,M,43,Postliceal,Sud-Est,Urban,5169.0,Nu
3115,M,41,Gimnaziu,Nord-Est,Urban,2643.0,Nu
3116,F,42,Liceu,Sud-Muntenia,Urban,2901.0,Da
3117,M,31,Facultate,Centru,Rural,5529.0,Nu
3118,F,53,Liceu,Bucuresti-Ilfov,Rural,,Da
3119,M,32,Masterat,Nord-Est,Rural,6689.0,Nu
3120,F,18,Liceu,Bucuresti-Ilfov,Rural,3741.0,Nu
3121,M,41,Facultate,Nord-Est,Rural,5373.0,Nu
3122,F,42,Liceu,Bucuresti-Ilfov,Urban,5093.0,Nu
3123,M,42,Facultate,Bucuresti-Ilfov,Urban,7907.0,Nu
3124,M,35,Profesional,Bucuresti-Ilfov,Urban,5219.0,Nu
3125,M,49,Primar,Bucuresti-Ilfov,Urban,4859.0,Da
3126,M,43,Gimnaziu,Nord-Est,Urban,3139.0,Nu
3127,F,40,Masterat,Bucuresti-Ilfov,Urban,8111.0,Nu
3128,M,40,Profesional,Sud-Vest Oltenia,Rural,2736.0,Da
3129,F,19,Facultate,Sud-Est,Urban,4474.0,Da
3130,M,54,Postliceal,Nord-Est,Rural,3682.0,Da
3131,M,24,Profesional,Nord-Vest,Urban,5240.0,Nu
3132,M,33,Primar,Sud-Vest Oltenia,Urban,3737.0,Nu
3133,M,45,Facultate,Sud-Est,Rural,4686.0,Da
3134,F,58,Facultate,Sud-Vest Oltenia,Urban,6212.0,Da
3135,F,36,Liceu,Bucuresti-Ilfov,Rural,4832.0,Da
3136,M,30,Masterat,Sud-Muntenia,Urban,5982.0,Nu
3137,F,35,Facultate,Sud-Vest Oltenia,Rural,4566.0,Da
3138,F,54,Liceu,Nord-Est,Rural,2285.0,Nu
3139,F,36,Liceu,Sud-Est,Rural,3802.0,Nu
3140,F,45,Facultate,Centru,Urban,6598.0,Nu
3141,M,41,Facultate,Nord-Vest,Urban,5672.0,Da
3142,F,48,Facultate,Centru,Rural,5422.0,Da
3143,M,38,Liceu,Sud-Est,Urban,4355.0,Da
3144,M,54,Primar,Bucuresti-Ilfov,Urban,5059.0,Da
3145,F,32,Masterat,Nord-Vest,Urban,6107.0,Nu
3146,M,26,Facultate,Sud-Est,Urban,5464.0,Da
3147,F,52,Profesional,Nord-Vest,Rural,3745.0,Nu
3148,F,57,Liceu,Bucuresti-Ilfov,Urban,5589.0,Da
3149,M,35,Liceu,Sud-Muntenia,Urban,5592.0,Da
3150,M,55,Masterat,Vest,Urban,8049.0,Da
3151,F,67,Facultate,Nord-Vest,Urban,5927.0,Nu
3152,M,34,Profesional,Nord-Vest,Urban,5569.0,Da
3153,F,28,Postliceal,Bucuresti-Ilfov,Urban,5540.0,Da
3154,M,33,Postliceal,Vest,Rural,3914.0,Nu
3155,F,50,Liceu,Sud-Muntenia,Rural,3651.0,Nu
3156,M,44,Gimnaziu,Nord-Est,Rural,3763.0,Da
3157,M,32,Primar,Sud-Est,Rural,2200.0,Nu
3158,F,18,Facultate,Sud-Est,Rural,4812.0,Nu
3159,F,40,Facultate,Vest,Urban,4865.0,Da
3160,M,45,Profesional,Sud-Est,Rural,4387.0,Da
3161,F,26,Gimnaziu,Centru,Urban,3156.0,Nu
3162,M,21,Liceu,Nord-Vest,Rural,2200.0,Da
3163,F,45,Facultate,Vest,Urban,6520.0,Da
3164,M,56,Masterat,Centru,Urban,7464.0,Da
3165,M,50,Postliceal,Bucuresti-Ilfov,Urban,6266.0,Nu
3166,M,36,Liceu,Sud-Est,Urban,3696.0,Nu
3167,M,43,Profesional,Vest,Urban,4877.0,Nu
3168,M,25,Liceu,Vest,Rural,4213.0,Da
3169,F,54,Liceu,Nord-Vest,Rural,3341.0,Nu
3170,M,40,Postliceal,Sud-Vest Oltenia,Rural,3540.0,Da
3171,F,31,Profesional,Bucuresti-Ilfov,Rural,3948.0,Nu
3172,M,47,Facultate,Sud-Vest Oltenia,Rural,4235.0,Nu
3173,F,54,Masterat,Bucuresti-Ilfov,Urban,7020.0,Da
3174,F,44,Masterat,Bucuresti-Ilfov,Rural,6165.0,Nu
3175,M,33,Postliceal,Sud-Vest Oltenia,Rural,3376.0,Nu
3176,F,67,Masterat,Nord-Est,Urban,6460.0,Da
3177,F,45,Primar,Sud-Est,Urban,3107.0,Nu
3178,M,35,Profesional,Sud-Est,Urban,3445.0,Nu
3179,F,45,Liceu,Sud-Muntenia,Urban,4119.0,Da
3180,M,35,Primar,Nord-Vest,Rural,3314.0,Da
3181,F,23,Liceu,Nord-Vest,Urban,3974.0,Da
3182,F,27,Profesional,Vest,Rural,3948.0,Nu
3183,M,50,Profesional,Nord-Vest,Rural,5141.0,Nu
3184,M,24,Facultate,Bucuresti-Ilfov,Rural,5393.0,Da
3185,F,43,Masterat,Bucuresti-Ilfov,Urban,8634.0,Nu
3186,M,45,Primar,Sud-Vest Oltenia,Urban,3891.0,Da
3187,F,43,Facultate,Vest,Urban,6615.0,Da
3188,F,67,Postliceal,Nord-Est,Rural,3344.0,Da
3189,F,46,Profesional,Sud-Est,Rural,3849.0,Nu
3190,F,36,Facultate,Sud-Est,Urban,4509.0,Nu
3191,F,57,Profesional,Sud-Muntenia,Urban,3071.0,Nu
3192,F,39,Liceu,Bucuresti-Ilfov,Urban,6534.0,Da
3193,M,41,Gimnaziu,Nord-Vest,Urban,4500.0,Da
3194,M,45,Liceu,Nord-Vest,Rural,3341.0,Nu
3195,F,39,Facultate,Nord-Est,Urban,4898.0,Da
3196,F,30,Liceu,Bucuresti-Ilfov,Rural,5050.0,Nu
3197,M,33,Liceu,Sud-Vest Oltenia,Rural,2917.0,Nu
3198,M,46,Facultate,Bucuresti-Ilfov,Rural,7149.0,Nu
3199,M,31,Gimnaziu,Bucuresti-Ilfov,Urban,5337.0,Nu
3200,F,38,Masterat,Vest,Urban,6649.0,Nu
3201,M,30,Liceu,Centru,Urban,4770.0,Da
3202,M,62,Liceu,Nord-Vest,Urban,4673.0,Nu
3203,F,19,Doctorat,Sud-Est,Urban,5844.0,Nu
3204,F,50,Postliceal,Centru,Rural,3816.0,Nu
3205,M,37,Liceu,Bucuresti-Ilfov,Urban,4510.0,Da
3206,M,32,Postliceal,Sud-Est,Rural,3569.0,Da
3207,M,43,Liceu,Vest,Rural,4340.0,Nu
3208,F,28,Masterat,Nord-Est,Rural,5708.0,Nu
3209,M,53,Facultate,Sud-Muntenia,Rural,5107.0,Da
3210,M,41,Facultate,Centru,Urban,7004.0,Nu
3211,F,33,Liceu,Bucuresti-Ilfov,Urban,5520.0,Da
3212,M,30,Primar,Sud-Vest Oltenia,Urban,3506.0,Da
3213,F,32,Gimnaziu,Nord-Est,Urban,3204.0,Nu
3214,M,27,Liceu,Sud-Est,Urban,4346.0,Nu
3215,F,41,Liceu,Sud-Est,Urban,4069.0,Da
3216,M,44,Liceu,Sud-Muntenia,Rural,3492.0,Da
3217,M,29,Facultate,Bucuresti-Ilfov,Urban,7191.0,Da
3218,F,29,Facultate,Sud-Est,Rural,2711.0,Nu
3219,F,38,Liceu,Sud-Muntenia,Rural,3389.0,Nu
3220,M,33,Gimnaziu,Nord-Vest,Urban,4479.0,Da
3221,F,26,Primar,Vest,Urban,4019.0,Nu
3222,F,59,Liceu,Sud-Vest Oltenia,Urban,3779.0,Da
3223,M,51,Liceu,Nord-Est,Urban,4573.0,Nu
3224,F,21,Profesional,Vest,Rural,3549.0,Nu
3225,F,52,Gimnaziu,Vest,Rural,3689.0,Nu
3226,F,43,Doctorat,Sud-Est,Rural,7312.0,Nu
3227,F,26,Gimnaziu,Sud-Muntenia,Rural,2200.0,Nu
3228,M,48,Liceu,Nord-Est,Rural,3033.0,Da
3229,M,20,Facultate,Sud-Est,Rural,4362.0,Nu
3230,F,22,Facultate,Centru,Rural,5383.0,Nu
3231,F,49,Profesional,Sud-Muntenia,Urban,5059.0,Da
3232,F,32,Liceu,Centru,Urban,3652.0,Nu
3233,F,45,Profesional,Sud-Vest Oltenia,Urban,3388.0,Nu
3234,F,34,Liceu,Centru,Rural,3477.0,Nu
3235,F,31,Liceu,Vest,Urban,3525.0,Nu
3236,F,46,Gimnaziu,Nord-Vest,Urban,4155.0,Nu
3237,F,40,Gimnaziu,Bucuresti-Ilfov,Rural,5072.0,Nu
3238,M,37,Facultate,Sud-Muntenia,Rural,5964.0,Nu
3239,M,40,Profesional,Bucuresti-Ilfov,Rural,4653.0,Nu
3240,F,63,Facultate,Sud-Muntenia,Rural,4853.0,Nu
3241,M,49,Profesional,Bucuresti-Ilfov,Rural,5055.0,Nu
3242,M,56,Postliceal,Centru,Rural,4606.0,Nu
3243,F,39,Masterat,Sud-Vest Oltenia,Urban,4857.0,Nu
3244,F,57,Liceu,Sud-Vest Oltenia,Urban,5013.0,Nu
3245,F,45,Gimnaziu,Sud-Est,Rural,3081.0,Nu
3246,M,41,Masterat,Bucuresti-Ilfov,Rural,7805.0,Nu
3247,M,57,Masterat,Nord-Est,Urban,7311.0,Da
3248,M,27,Profesional,Centru,Urban,4327.0,Nu
3249,F,47,Facultate,Sud-Vest Oltenia,Urban,5205.0,Nu
3250,M,38,Postliceal,Bucuresti-Ilfov,Rural,4947.0,Nu
3251,F,51,Gimnaziu,Vest,Rural,3840.0,Nu
3252,M,34,Profesional,Centru,Rural,3132.0,Nu
3253,F,26,Postliceal,Vest,Rural,4026.0,Nu
3254,F,29,Facultate,Nord-Est,Rural,2873.0,Nu
3255,M,27,Liceu,Vest,Urban,4797.0,Nu
3256,M,21,Profesional,Centru,Rural,4276.0,Nu
3257,M,28,Profesional,Sud-Vest Oltenia,Urban,3761.0,Da
3258,F,29,Facultate,Nord-Est,Urban,4008.0,Nu
3259,M,36,Liceu,Bucuresti-Ilfov,Urban,5213.0,Nu
3260,M,57,Liceu,Vest,Rural,4487.0,Nu
3261,F,51,Liceu,Sud-Vest Oltenia,Urban,4738.0,Nu
3262,M,32,Masterat,Nord-Est,Urban,7391.0,Da
3263,M,37,Masterat,Nord-Est,Urban,6880.0,Da
3264,M,28,Postliceal,Vest,Rural,4328.0,Da
3265,M,67,Doctorat,Nord-Vest,Urban,8835.0,Da
3266,M,58,Postliceal,Bucuresti-Ilfov,Rural,5253.0,Nu
3267,F,41,Masterat,Bucuresti-Ilfov,Urban,8088.0,Nu
3268,F,25,Postliceal,Bucuresti-Ilfov,Urban,5431.0,Nu
3269,F,18,Liceu,Bucuresti-Ilfov,Urban,4814.0,Nu
3270,M,30,Gimnaziu,Bucuresti-Ilfov,Rural,5075.0,Nu
3271,M,36,Facultate,Nord-Est,Urban,6050.0,Da
3272,M,36,Masterat,Sud-Est,Urban,7107.0,Da
3273,M,45,Primar,Centru,Urban,4653.0,Nu
3274,F,61,Gimnaziu,Nord-Vest,Urban,,Nu
3275,F,35,Facultate,Nord-Est,Urban,4316.0,Nu
3276,M,35,Facultate,Nord-Vest,Urban,5837.0,Da
3277,F,38,Masterat,Centru,Rural,4471.0,Nu
3278,F,40,Postliceal,Sud-Vest Oltenia,Rural,4324.0,Nu
3279,F,47,Liceu,Nord-Vest,Urban,4846.0,Nu
3280,M,50,Facultate,Centru,Rural,6215.0,Da
3281,M,46,Doctorat,Sud-Muntenia,Urban,7871.0,Nu
3282,M,34,Postliceal,Bucuresti-Ilfov,Rural,5657.0,Nu
3283,M,38,Gimnaziu,Sud-Muntenia,Urban,3677.0,Nu
3284,F,57,Facultate,Bucuresti-Ilfov,Urban,6623.0,Da
3285,M,62,Liceu,Sud-Muntenia,Urban,4430.0,Nu
3286,M,23,Liceu,Sud-Vest Oltenia,Urban,3591.0,Nu
3287,F,35,Profesional,Bucuresti-Ilfov,Urban,4463.0,Da
3288,F,44,Liceu,Sud-Est,Urban,4096.0,Nu
3289,F,46,Profesional,Bucuresti-Ilfov,Urban,6529.0,Da
3290,M,41,Profesional,Vest,Urban,4661.0,Da
3291,F,37,Masterat,Sud-Est,Urban,5857.0,Nu
3292,M,37,Facultate,Nord-Vest,Rural,4613.0,Nu
3293,M,38,Gimnaziu,Sud-Muntenia,Urban,3896.0,Nu
3294,F,32,Profesional,Nord-Vest,Rural,4164.0,Da
3295,M,33,Postliceal,Bucuresti-Ilfov,Urban,6762.0,Da
3296,M,37,Facultate,Sud-Muntenia,Rural,4577.0,Da
3297,M,46,Liceu,Sud-Muntenia,Urban,4863.0,Da
3298,F,26,Liceu,Nord-Est,Rural,2200.0,Da
3299,F,39,Liceu,Nord-Vest,Urban,3744.0,Nu
3300,M,48,Gimnaziu,Bucuresti-Ilfov,Rural,4334.0,Nu
3301,F,30,Liceu,Vest,Rural,3394.0,Nu
3302,M,48,Liceu,Sud-Muntenia,Rural,3289.0,Nu
3303,M,55,Facultate,Sud-Vest Oltenia,Urban,5998.0,Da
3304,M,53,Liceu,Nord-Est,Rural,3695.0,Nu
3305,F,24,Postliceal,Bucuresti-Ilfov,Rural,4486.0,Nu
3306,M,51,Masterat,Nord-Est,Urban,6916.0,Da
3307,M,57,Masterat,Nord-Vest,Urban,7360.0,Da
3308,F,41,Liceu,Vest,Rural,2983.0,Nu
3309,F,43,Facultate,Nord-Est,Urban,5830.0,Nu
3310,M,46,Profesional,Centru,Rural,4583.0,Nu
3311,F,44,Facultate,Bucuresti-Ilfov,Rural,5691.0,Da
3312,F,20,Liceu,Nord-Vest,Urban,4269.0,Nu
3313,M,51,Liceu,Nord-Vest,Urban,5663.0,Da
3314,F,48,Liceu,Sud-Vest Oltenia,Urban,3437.0,Nu
3315,F,32,Liceu,Nord-Vest,Rural,3865.0,Nu
3316,F,35,Masterat,Nord-Est,Urban,5695.0,Da
3317,M,33,Masterat,Nord-Est,Urban,5808.0,Nu
3318,F,35,Facultate,Centru,Urban,4981.0,Da
3319,F,63,Masterat,Bucuresti-Ilfov,Urban,8093.0,Da
3320,M,50,Masterat,Sud-Muntenia,Urban,7119.0,Nu
3321,F,40,Liceu,Sud-Vest Oltenia,Rural,3117.0,Nu
3322,F,38,Facultate,Nord-Est,Rural,4748.0,Da
3323,M,62,Facultate,Sud-Est,Urban,6580.0,Da
3324,M,47,Profesional,Nord-Est,Urban,2995.0,Da
3325,M,22,Postliceal,Nord-Vest,Rural,2471.0,Nu
3326,M,54,Facultate,Nord-Est,Rural,,Nu
3327,M,38,Facultate,Nord-Vest,Rural,4867.0,Nu
3328,F,28,Gimnaziu,Vest,Urban,4477.0,Da
3329,F,42,Profesional,Centru,Urban,4529.0,Da
3330,F,46,Liceu,Vest,Urban,3774.0,Da
3331,M,48,Facultate,Bucuresti-Ilfov,Rural,6714.0,Nu
3332,M,38,Masterat,Sud-Muntenia,Rural,5459.0,Da
3333,F,24,Profesional,Vest,Urban,3982.0,Nu
3334,M,23,Masterat,Sud-Muntenia,Rural,4876.0,Da
3335,F,29,Facultate,Bucuresti-Ilfov,Rural,5134.0,Da
3336,M,54,Liceu,Nord-Est,Urban,5090.0,Nu
3337,M,40,Facultate,Sud-Muntenia,Urban,6674.0,Nu
3338,M,24,Profesional,Nord-Est,Urban,3655.0,Da
3339,F,42,Facultate,Sud-Vest Oltenia,Urban,4625.0,Da
3340,F,48,Liceu,Nord-Vest,Urban,4071.0,Da
3341,M,53,Masterat,Nord-Est,Rural,5116.0,Da
3342,M,20,Liceu,Sud-Muntenia,Rural,2343.0,Da
3343,F,28,Profesional,Sud-Muntenia,Rural,2200.0,Nu
3344,F,37,Primar,Sud-Est,Urban,3519.0,Da
3345,M,29,Masterat,Nord-Est,Rural,4699.0,Da
3346,M,36,Facultate,Nord-Est,Urban,5930.0,Da
3347,F,45,Gimnaziu,Bucuresti-Ilfov,Urban,5244.0,Nu
3348,M,37,Postliceal,Bucuresti-Ilfov,Rural,5712.0,Nu
3349,M,45,Masterat,Sud-Est,Rural,5909.0,Da
3350,M,47,Primar,Bucuresti-Ilfov,Urban,5505.0,Nu
3351,M,57,Liceu,Nord-Vest,Rural,4312.0,Nu
3352,M,26,Liceu,Bucuresti-Ilfov,Rural,6675.0,Nu
3353,M,51,Facultate,Nord-Vest,Urban,6438.0,Nu
3354,F,36,Gimnaziu,Sud-Muntenia,Rural,3563.0,Da
3355,F,53,Primar,Vest,Urban,4689.0,Nu
3356,M,31,Profesional,Nord-Est,Rural,2954.0,Nu
3357,M,40,Postliceal,Nord-Vest,Rural,5017.0,Nu
3358,M,53,Liceu,Vest,Rural,4392.0,Da
3359,M,35,Liceu,Nord-Est,Rural,2985.0,Nu
3360,F,50,Masterat,Nord-Vest,Urban,6148.0,Da
3361,M,67,Gimnaziu,Vest,Urban,4323.0,Nu
3362,M,39,Liceu,Vest,Rural,2535.0,Nu
3363,F,18,Postliceal,Centru,Rural,3942.0,Nu
3364,M,18,Facultate,Nord-Est,Rural,3252.0,Da
3365,M,39,Primar,Nord-Est,Rural,2976.0,Nu
3366,F,36,Profesional,Nord-Est,Rural,2689.0,Nu
3367,M,55,Liceu,Vest,Urban,5271.0,Nu
3368,F,25,Liceu,Bucuresti-Ilfov,Urban,4891.0,Da
3369,M,51,Facultate,Sud-Vest Oltenia,Rural,6279.0,Da
3370,F,46,Profesional,Centru,Urban,5098.0,Da
3371,M,49,Liceu,Sud-Est,Urban,5317.0,Nu
3372,M,48,Facultate,Centru,Rural,5429.0,Nu
3373,F,48,Facultate,Bucuresti-Ilfov,Urban,7024.0,Nu
3374,F,30,Profesional,Sud-Muntenia,Urban,3299.0,Da
3375,F,62,Liceu,Sud-Est,Rural,3009.0,Nu
3376,M,18,Facultate,Sud-Est,Rural,3977.0,Nu
3377,M,43,Gimnaziu,Nord-Vest,Rural,3036.0,Nu
3378,F,40,Profesional,Sud-Est,Rural,3415.0,Nu
3379,M,40,Facultate,Nord-Est,Rural,3847.0,Da
3380,F,65,Masterat,Nord-Est,Urban,5906.0,Da
3381,F,37,Gimnaziu,Nord-Est,Urban,2200.0,Nu
3382,M,42,Liceu,Sud-Muntenia,Urban,2979.0,Da
3383,F,43,Profesional,Nord-Est,Urban,3620.0,Da
3384,F,25,Profesional,Bucuresti-Ilfov,Urban,5642.0,Da
3385,M,37,Liceu,Sud-Vest Oltenia,Urban,4270.0,Nu
3386,F,42,Masterat,Vest,Urban,5927.0,Nu
3387,F,25,Doctorat,Sud-Muntenia,Urban,6055.0,Da
3388,F,59,Masterat,Bucuresti-Ilfov,Urban,,Nu
3389,M,30,Facultate,Centru,Urban,5708.0,Da
3390,F,32,Liceu,Bucuresti-Ilfov,Urban,5964.0,Nu
3391,M,29,Facultate,Centru,Urban,4778.0,Nu
3392,M,37,Masterat,Nord-Est,Rural,5679.0,Da
3393,M,54,Facultate,Sud-Muntenia,Rural,4665.0,Nu
3394,F,33,Liceu,Vest,Urban,3949.0,Nu
3395,F,56,Facultate,Nord-Vest,Urban,4892.0,Nu
3396,M,60,Liceu,Sud-Est,Rural,2821.0,Nu
3397,F,44,Postliceal,Sud-Vest Oltenia,Urban,4075.0,Nu
3398,F,53,Profesional,Nord-Est,Rural,3280.0,Nu
3399,M,41,Gimnaziu,Bucuresti-Ilfov,Urban,4310.0,Da
3400,M,30,Liceu,Nord-Est,Rural,2706.0,Nu
3401,M,48,Masterat,Sud-Est,Rural,6543.0,Nu
3402,F,35,Liceu,Nord-Vest,Rural,2717.0,Nu
3403,M,38,Liceu,Nord-Est,Urban,4325.0,Da
3404,F,37,Liceu,Bucuresti-Ilfov,Urban,5569.0,Nu
3405,M,55,Facultate,Nord-Vest,Rural,6635.0,Da
3406,F,58,Liceu,Bucuresti-Ilfov,Urban,5228.0,Da
3407,M,66,Facultate,Sud-Vest Oltenia,Rural,5542.0,Nu
3408,M,30,Masterat,Bucuresti-Ilfov,Rural,7943.0,Da
3409,M,52,Liceu,Sud-Muntenia,Rural,4030.0,Nu
3410,M,28,Facultate,Sud-Muntenia,Urban,4454.0,Nu
3411,M,36,Postliceal,Bucuresti-Ilfov,Rural,4741.0,Da
3412,M,34,Primar,Nord-Vest,Urban,4082.0,Da
3413,M,31,Gimnaziu,Bucuresti-Ilfov,Urban,5135.0,Nu
3414,M,40,Profesional,Bucuresti-Ilfov,Urban,5975.0,Da
3415,M,41,Liceu,Sud-Vest Oltenia,Rural,3300.0,Nu
3416,F,41,Doctorat,Vest,Rural,6702.0,Nu
3417,M,43,Liceu,Nord-Est,Rural,4005.0,Da
3418,M,33,Facultate,Nord-Est,Urban,5306.0,Nu
3419,M,46,Masterat,Nord-Est,Rural,6343.0,Nu
3420,M,47,Facultate,Sud-Muntenia,Urban,6324.0,Da
3421,M,45,Postliceal,Nord-Vest,Urban,5534.0,Nu
3422,M,59,Liceu,Bucuresti-Ilfov,Urban,5488.0,Da
3423,F,51,Facultate,Sud-Est,Rural,4113.0,Nu
3424,M,58,Liceu,Sud-Est,Rural,4506.0,Da
3425,F,54,Profesional,Nord-Vest,Rural,3807.0,Nu
3426,M,27,Facultate,Sud-Muntenia,Urban,5451.0,Da
3427,M,28,Liceu,Vest,Urban,5138.0,Nu
3428,F,36,Facultate,Nord-Est,Urban,4595.0,Da
3429,M,40,Liceu,Nord-Vest,Rural,3684.0,Da
3430,F,26,Masterat,Sud-Est,Rural,5313.0,Nu
3431,M,35,Facultate,Nord-Est,Urban,5185.0,Da
3432,F,56,Gimnaziu,Bucuresti-Ilfov,Urban,5355.0,Nu
3433,F,35,Facultate,Sud-Muntenia,Urban,5388.0,Da
3434,F,39,Gimnaziu,Nord-Vest,Urban,3684.0,Nu
3435,F,25,Profesional,Sud-Vest Oltenia,Rural,2200.0,Nu
3436,F,48,Liceu,Nord-Vest,Urban,4000.0,Da
3437,F,38,Facultate,Nord-Vest,Urban,5663.0,Nu
3438,M,47,Liceu,Nord-Est,Urban,4153.0,Nu
3439,F,33,Facultate,Vest,Rural,4569.0,Da
3440,M,42,Liceu,Sud-Muntenia,Rural,3387.0,Da
3441,M,36,Liceu,Sud-Muntenia,Urban,3764.0,Da
3442,F,44,Liceu,Bucuresti-Ilfov,Rural,3657.0,Da
3443,M,45,Gimnaziu,Vest,Urban,5092.0,Nu
3444,M,38,Facultate,Sud-Vest Oltenia,Urban,4824.0,Da
3445,M,62,Facultate,Centru,Urban,6997.0,Da
3446,F,40,Profesional,Bucuresti-Ilfov,Urban,4964.0,Da
3447,M,33,Facultate,Nord-Vest,Rural,5845.0,Nu
3448,F,47,Facultate,Vest,Rural,5111.0,Nu
3449,M,32,Facultate,Sud-Vest Oltenia,Urban,5829.0,Da
3450,M,52,Facultate,Centru,Urban,5794.0,Nu
3451,F,38,Masterat,Sud-Muntenia,Urban,6471.0,Da
3452,F,32,Facultate,Vest,Urban,6222.0,Nu
3453,M,43,Liceu,Nord-Est,Rural,3205.0,Nu
3454,F,51,Postliceal,Nord-Est,Urban,4026.0,Nu
3455,F,50,Liceu,Nord-Est,Rural,2477.0,Da
3456,M,45,Liceu,Sud-Vest Oltenia,Rural,2824.0,Nu
3457,F,62,Liceu,Bucuresti-Ilfov,Urban,5194.0,Nu
3458,M,39,Masterat,Vest,Rural,6800.0,Da
3459,F,39,Profesional,Bucuresti-Ilfov,Urban,4390.0,Da
3460,M,60,Liceu,Nord-Vest,Rural,3166.0,Nu
3461,F,34,Liceu,Nord-Est,Urban,4009.0,Da
3462,M,51,Primar,Centru,Urban,4193.0,Nu
3463,M,51,Facultate,Bucuresti-Ilfov,Rural,5475.0,Da
3464,F,27,Gimnaziu,Sud-Est,Rural,3149.0,Nu
3465,M,49,Doctorat,Sud-Muntenia,Urban,7291.0,Nu
3466,F,32,Profesional,Nord-Vest,Rural,3516.0,Nu
3467,M,41,Masterat,Nord-Est,Urban,5898.0,Da
3468,F,36,Profesional,Bucuresti-Ilfov,Urban,5972.0,Da
3469,M,33,Profesional,Sud-Vest Oltenia,Rural,2802.0,Nu
3470,M,33,Facultate,Nord-Vest,Urban,7231.0,Nu
3471,F,34,Gimnaziu,Bucuresti-Ilfov,Urban,4956.0,Nu
3472,F,45,Gimnaziu,Centru,Rural,2403.0,Nu
3473,F,39,Facultate,Bucuresti-Ilfov,Rural,6479.0,Da
3474,M,39,Liceu,Sud-Est,Urban,4464.0,Nu
3475,F,58,Liceu,Sud-Muntenia,Rural,2200.0,Da
3476,F,39,Primar,Centru,Urban,2975.0,Da
3477,M,24,Liceu,Sud-Muntenia,Rural,4216.0,Da
3478,M,57,Profesional,Sud-Est,Rural,4115.0,Da
3479,F,40,Gimnaziu,Nord-Est,Urban,4265.0,Nu
3480,M,29,Profesional,Sud-Muntenia,Urban,4485.0,Nu
3481,M,32,,Nord-Vest,Urban,4584.0,Nu
3482,F,33,Facultate,Vest,Rural,5030.0,Da
3483,M,59,Primar,Bucuresti-Ilfov,Rural,5661.0,Da
3484,F,48,Postliceal,Nord-Vest,Rural,4806.0,Nu
3485,F,48,Facultate,Bucuresti-Ilfov,Urban,7218.0,Nu
3486,M,51,Liceu,Vest,Urban,5280.0,Da
3487,F,34,Primar,Bucuresti-Ilfov,Urban,3973.0,Nu
3488,M,39,Facultate,Sud-Muntenia,Rural,4663.0,Da
3489,F,18,Liceu,Sud-Vest Oltenia,Urban,3613.0,Nu
3490,F,38,Liceu,Vest,Urban,3867.0,Nu
3491,F,32,Masterat,Sud-Muntenia,Urban,5713.0,Da
3492,F,43,Facultate,Sud-Est,Rural,5666.0,Da
3493,F,36,Doctorat,Bucuresti-Ilfov,Urban,7365.0,Nu
3494,M,36,Masterat,Bucuresti-Ilfov,Rural,8550.0,Nu
3495,F,44,Primar,Nord-Vest,Urban,2667.0,Nu
3496,F,34,Masterat,Bucuresti-Ilfov,Rural,6241.0,Nu
3497,M,20,Facultate,Vest,Rural,5684.0,Da
3498,F,64,Profesional,Vest,Rural,3621.0,Nu
3499,F,37,Primar,Bucuresti-Ilfov,Urban,,Nu
3500,F,38,Liceu,Sud-Est,Rural,4046.0,Da
3501,F,26,Masterat,Sud-Muntenia,Urban,5479.0,Nu
3502,M,35,Liceu,Vest,Urban,5841.0,Nu
3503,F,46,Facultate,Sud-Muntenia,Rural,4056.0,Da
3504,M,56,Liceu,Sud-Est,Rural,3071.0,Da
3505,F,42,Facultate,Sud-Est,Urban,5298.0,Nu
3506,M,53,Postliceal,Nord-Est,Urban,4932.0,Nu
3507,M,40,Facultate,Centru,Rural,6195.0,Da
3508,F,44,Facultate,Sud-Muntenia,Rural,3652.0,Da
3509,M,33,Facultate,Sud-Est,Urban,5523.0,Da
3510,F,20,Liceu,Vest,Urban,3999.0,Da
3511,M,39,Gimnaziu,Nord-Vest,Rural,3389.0,Nu
3512,M,32,Facultate,Centru,Rural,5688.0,Da
3513,M,39,Doctorat,Sud-Est,Rural,6281.0,Nu
3514,M,24,Facultate,Sud-Muntenia,Urban,,Nu
3515,M,44,Profesional,Nord-Est,Urban,3907.0,Da
3516,M,53,Liceu,Sud-Muntenia,Urban,6070.0,Nu
3517,F,44,Gimnaziu,Sud-Vest Oltenia,Rural,3179.0,Da
3518,M,38,Liceu,Nord-Vest,Urban,4895.0,Nu
3519,M,48,Postliceal,Sud-Est,Urban,5320.0,Da
3520,F,57,Gimnaziu,Nord-Vest,Urban,4181.0,Nu
3521,F,50,Liceu,Sud-Muntenia,Urban,3555.0,Nu
3522,F,48,Postliceal,Centru,Rural,3198.0,Nu
3523,M,46,Profesional,Nord-Vest,Rural,4969.0,Nu
3524,M,54,Liceu,Bucuresti-Ilfov,Urban,6874.0,Nu
3525,M,44,Masterat,Bucuresti-Ilfov,Urban,8745.0,Da
3526,M,45,Primar,Bucuresti-Ilfov,Urban,5591.0,Da
3527,F,18,Facultate,Vest,Urban,,Nu
3528,M,44,Liceu,Sud-Est,Rural,3785.0,Nu
3529,M,23,Gimnaziu,Vest,Rural,2875.0,Nu
3530,M,43,Facultate,Nord-Est,Rural,4418.0,Nu
3531,M,50,Masterat,Nord-Vest,Urban,8086.0,Nu
3532,M,45,Doctorat,Bucuresti-Ilfov,Urban,8795.0,Da
3533,F,42,Liceu,Sud-Est,Rural,2647.0,Nu
3534,F,28,Profesional,Centru,Urban,3559.0,Nu
3535,F,35,Facultate,Sud-Muntenia,Rural,4725.0,Nu
3536,M,29,Facultate,Centru,Urban,6135.0,Nu
3537,M,33,Facultate,Vest,Rural,5576.0,Nu
3538,F,34,Postliceal,Bucuresti-Ilfov,Urban,5420.0,Nu
3539,M,46,Profesional,Sud-Muntenia,Rural,3419.0,Da
3540,F,50,Facultate,Vest,Rural,5549.0,Nu
3541,F,39,Liceu,Nord-Est,Rural,2200.0,Nu
3542,F,60,Gimnaziu,Centru,Urban,3270.0,Da
3543,M,18,Gimnaziu,Bucuresti-Ilfov,Rural,3689.0,Nu
3544,M,25,Profesional,Sud-Vest Oltenia,Rural,2200.0,Da
3545,F,49,Postliceal,Nord-Est,Urban,3612.0,Da
3546,M,61,Doctorat,Sud-Est,Urban,7971.0,Da
3547,M,39,Liceu,Sud-Muntenia,Urban,4799.0,Nu
3548,M,21,Masterat,Sud-Muntenia,Urban,6098.0,Da
3549,F,37,Gimnaziu,Sud-Vest Oltenia,Urban,2658.0,Nu
3550,F,47,Masterat,Bucuresti-Ilfov,Rural,6277.0,Nu
3551,M,40,Masterat,Nord-Est,Urban,6394.0,Da
3552,M,27,Gimnaziu,Sud-Est,Rural,2200.0,Nu
3553,M,28,Profesional,Vest,Rural,4161.0,Da
3554,M,52,Facultate,Nord-Vest,Rural,5972.0,Da
3555,F,32,Profesional,Sud-Muntenia,Rural,,Nu
3556,F,51,Facultate,Bucuresti-Ilfov,Rural,6003.0,Da
3557,F,39,Liceu,Sud-Muntenia,Rural,2693.0,Da
3558,F,32,Postliceal,Centru,Urban,4193.0,Da
3559,M,35,Postliceal,Vest,Urban,5048.0,Da
3560,M,47,Postliceal,Centru,Rural,5695.0,Da
3561,F,43,Facultate,Nord-Est,Rural,3851.0,Nu
3562,M,62,Facultate,Nord-Est,Urban,5859.0,Da
3563,F,18,Facultate,Sud-Est,Urban,5262.0,Da
3564,M,44,Masterat,Sud-Vest Oltenia,Rural,5435.0,Nu
3565,M,46,Liceu,Bucuresti-Ilfov,Rural,4785.0,Nu
3566,F,54,Liceu,Sud-Est,Urban,4842.0,Da
3567,M,31,Postliceal,Bucuresti-Ilfov,Urban,6585.0,Da
3568,M,31,Masterat,Sud-Est,Rural,5379.0,Nu
3569,M,55,Liceu,Vest,Rural,4724.0,Da
3570,F,50,Masterat,Nord-Est,Rural,4235.0,Nu
3571,F,47,Masterat,Nord-Est,Urban,5961.0,Da
3572,F,53,Facultate,Centru,Urban,6866.0,Nu
3573,M,38,Facultate,Sud-Vest Oltenia,Rural,5452.0,Nu
3574,F,43,Gimnaziu,Bucuresti-Ilfov,Urban,5180.0,Nu
3575,F,43,Postliceal,Sud-Muntenia,Urban,2950.0,Nu
3576,M,23,Masterat,Sud-Est,Rural,6326.0,Nu
3577,M,56,Facultate,Vest,Urban,6268.0,Da
3578,F,56,Postliceal,Centru,Rural,4337.0,Nu
3579,F,62,Masterat,Nord-Est,Urban,5590.0,Nu
3580,F,47,Profesional,Nord-Vest,Urban,3664.0,Nu
3581,M,47,Gimnaziu,Sud-Vest Oltenia,Rural,3285.0,Nu
3582,M,52,Gimnaziu,Nord-Est,Urban,4498.0,Nu
3583,F,43,Primar,Centru,Rural,2928.0,Nu
3584,M,26,Facultate,Bucuresti-Ilfov,Rural,6425.0,Nu
3585,F,28,Gimnaziu,Sud-Vest Oltenia,Rural,2536.0,Nu
3586,F,36,Liceu,Sud-Vest Oltenia,Urban,2981.0,Nu
3587,M,67,Postliceal,Bucuresti-Ilfov,Rural,5466.0,Nu
3588,M,33,Liceu,Nord-Vest,Urban,4318.0,Da
3589,F,47,Profesional,Bucuresti-Ilfov,Urban,4719.0,Da
3590,M,59,Liceu,Nord-Est,Rural,2890.0,Nu
3591,M,59,Gimnaziu,Sud-Muntenia,Urban,3832.0,Nu
3592,F,19,Liceu,Sud-Muntenia,Rural,2200.0,Nu
3593,F,37,Profesional,Sud-Muntenia,Rural,2552.0,Nu
3594,F,26,Primar,Nord-Vest,Rural,3991.0,Da
3595,F,18,Masterat,Nord-Est,Urban,4141.0,Nu
3596,M,51,Liceu,Sud-Est,Urban,4864.0,Da
3597,M,57,Gimnaziu,Bucuresti-Ilfov,Urban,5957.0,Nu
3598,F,22,Facultate,Nord-Est,Urban,4125.0,Nu
3599,F,26,Gimnaziu,Vest,Rural,2703.0,Nu
3600,M,48,Profesional,Nord-Vest,Rural,4437.0,Nu
3601,M,35,Facultate,Vest,Urban,6301.0,Da
3602,M,47,Primar,Nord-Est,Rural,2249.0,Nu
3603,F,34,Facultate,Sud-Muntenia,Urban,5793.0,Da
3604,F,49,Liceu,Vest,Urban,5061.0,Nu
3605,F,42,Profesional,Sud-Muntenia,Urban,3340.0,Nu
3606,F,44,Liceu,Centru,Urban,4649.0,Da
3607,M,43,Facultate,Nord-Est,Urban,5942.0,Nu
3608,F,48,Facultate,Sud-Muntenia,Urban,5067.0,Nu
3609,F,21,Primar,Sud-Muntenia,Urban,2210.0,Da
3610,M,44,Facultate,Bucuresti-Ilfov,Urban,7816.0,Da
3611,F,36,Liceu,Sud-Muntenia,Rural,,Da
3612,M,34,Gimnaziu,Sud-Vest Oltenia,Rural,2869.0,Nu
3613,F,48,Liceu,Sud-Muntenia,Rural,2701.0,Nu
3614,F,62,Gimnaziu,Sud-Est,Urban,4759.0,Da
3615,M,31,Masterat,Sud-Vest Oltenia,Urban,7478.0,Nu
3616,M,44,Facultate,Centru,Urban,7105.0,Da
3617,M,39,Liceu,Bucuresti-Ilfov,Urban,6194.0,Nu
3618,F,24,Facultate,Bucuresti-Ilfov,Urban,5752.0,Da
3619,F,48,Liceu,Sud-Est,Urban,5173.0,Da
3620,M,21,Liceu,Centru,Urban,3761.0,Nu
3621,M,29,Masterat,Centru,Urban,6404.0,Da
3622,M,57,Facultate,Sud-Est,Urban,6699.0,Nu
3623,M,45,Postliceal,Sud-Est,Rural,2755.0,Nu
3624,F,21,Masterat,Bucuresti-Ilfov,Urban,7415.0,Da
3625,F,41,Profesional,Centru,Rural,2963.0,Da
3626,F,52,Postliceal,Sud-Vest Oltenia,Urban,4941.0,Nu
3627,F,59,Profesional,Bucuresti-Ilfov,Urban,6316.0,Nu
3628,F,35,Gimnaziu,Centru,Urban,3157.0,Da
3629,M,41,Liceu,Sud-Est,Urban,4966.0,Da
3630,F,40,Liceu,Nord-Est,Rural,3522.0,Nu
3631,M,46,Postliceal,Sud-Muntenia,Rural,5466.0,Nu
3632,M,21,Primar,Sud-Muntenia,Rural,3295.0,Da
3633,F,40,Liceu,Sud-Muntenia,Urban,3433.0,Da
3634,F,32,Gimnaziu,Sud-Vest Oltenia,Urban,3502.0,Nu
3635,F,54,Liceu,Nord-Est,Urban,3866.0,Nu
3636,M,20,Postliceal,Nord-Est,Urban,4983.0,Da
3637,M,18,Primar,Nord-Vest,Rural,2295.0,Nu
3638,M,37,Profesional,Sud-Est,Urban,5364.0,Da
3639,F,49,Facultate,Sud-Est,Urban,5054.0,Nu
3640,M,41,Gimnaziu,Sud-Est,Rural,3899.0,Nu
3641,F,58,Profesional,Bucuresti-Ilfov,Rural,5435.0,Nu
3642,M,33,Postliceal,Nord-Est,Urban,4561.0,Da
3643,F,32,Liceu,Vest,Urban,3502.0,Nu
3644,M,60,,Sud-Vest Oltenia,Rural,6590.0,Nu
3645,M,30,Liceu,Bucuresti-Ilfov,Rural,3940.0,Nu
3646,F,36,Liceu,Bucuresti-Ilfov,Urban,4639.0,Nu
3647,M,42,Masterat,Sud-Est,Urban,6912.0,Nu
3648,M,48,Masterat,Sud-Vest Oltenia,Rural,,Da
3649,F,32,Facultate,Nord-Vest,Urban,5686.0,Da
3650,M,53,Liceu,Bucuresti-Ilfov,Rural,4802.0,Nu
3651,F,55,,Bucuresti-Ilfov,Urban,6418.0,Nu
3652,M,43,Postliceal,Nord-Vest,Urban,5915.0,Nu
3653,F,49,Postliceal,Nord-Est,Rural,4245.0,Da
3654,M,40,Primar,Vest,Rural,4348.0,Nu
3655,M,48,Facultate,Sud-Vest Oltenia,Rural,4605.0,Nu
3656,M,47,Facultate,Nord-Est,Rural,5842.0,Da
3657,M,37,Masterat,Sud-Muntenia,Urban,7895.0,Nu
3658,F,31,Liceu,Bucuresti-Ilfov,Rural,2815.0,Nu
3659,M,56,Liceu,Sud-Muntenia,Urban,4667.0,Da
3660,M,54,Profesional,Sud-Vest Oltenia,Rural,4370.0,Nu
3661,F,42,Facultate,Vest,Urban,5896.0,Nu
3662,F,24,Primar,Vest,Rural,3865.0,Nu
3663,F,48,Facultate,Sud-Muntenia,Rural,3958.0,Nu
3664,F,63,Facultate,Nord-Vest,Urban,5477.0,Da
3665,F,46,Profesional,Nord-Est,Urban,3364.0,Da
3666,F,46,Masterat,Sud-Muntenia,Rural,4940.0,Nu
3667,M,52,Facultate,Centru,Rural,6351.0,Da
3668,F,48,Liceu,Nord-Vest,Rural,3595.0,Nu
3669,M,29,Facultate,Nord-Est,Rural,4002.0,Nu
3670,M,45,Liceu,Sud-Est,Rural,3836.0,Nu
3671,F,44,Gimnaziu,Nord-Est,Urban,2738.0,Nu
3672,M,29,Liceu,Sud-Muntenia,Rural,4000.0,Nu
3673,F,52,Facultate,Sud-Muntenia,Rural,3451.0,Nu
3674,M,48,Facultate,Vest,Rural,4381.0,Nu
3675,M,39,Gimnaziu,Nord-Est,Rural,3213.0,Nu
3676,M,48,Liceu,Bucuresti-Ilfov,Urban,6172.0,Da
3677,F,63,Liceu,Bucuresti-Ilfov,Urban,5473.0,Da
3678,F,44,Liceu,Centru,Urban,4232.0,Nu
3679,F,39,Gimnaziu,Nord-Vest,Urban,4163.0,Nu
3680,F,29,Facultate,Sud-Vest Oltenia,Urban,4076.0,Da
3681,F,48,Gimnaziu,Sud-Est,Rural,3484.0,Nu
3682,M,40,Postliceal,Nord-Vest,Rural,3536.0,Da
3683,F,48,Postliceal,Nord-Est,Rural,3964.0,Nu
3684,M,39,Primar,Bucuresti-Ilfov,Urban,5837.0,Da
3685,F,65,Facultate,Nord-Vest,Rural,4875.0,Da
3686,M,54,Gimnaziu,Nord-Est,Rural,4042.0,Nu
3687,F,28,Primar,Sud-Muntenia,Urban,2911.0,Da
3688,M,38,Profesional,Sud-Muntenia,Urban,5425.0,Nu
3689,M,47,Doctorat,Bucuresti-Ilfov,Rural,7725.0,Da
3690,F,36,Facultate,Nord-Est,Urban,5176.0,Da
3691,M,42,Liceu,Sud-Est,Rural,2565.0,Nu
3692,M,36,Masterat,Nord-Est,Urban,6570.0,Da
3693,F,50,Primar,Nord-Est,Urban,3544.0,Nu
3694,F,39,Doctorat,Sud-Vest Oltenia,Urban,7164.0,Nu
3695,M,41,Liceu,Sud-Vest Oltenia,Urban,3316.0,Da
3696,M,36,Gimnaziu,Vest,Urban,3481.0,Da
3697,M,42,Facultate,Nord-Est,Urban,5383.0,Nu
3698,F,37,Liceu,Sud-Muntenia,Rural,3444.0,Da
3699,F,30,Facultate,Bucuresti-Ilfov,Urban,6448.0,Nu
3700,F,25,,Sud-Muntenia,Rural,5026.0,Da
3701,F,61,Liceu,Nord-Vest,Rural,3570.0,Da
3702,M,34,Postliceal,Centru,Urban,6240.0,Nu
3703,F,38,Facultate,Nord-Vest,Urban,6025.0,Nu
3704,M,44,Facultate,Vest,Rural,5382.0,Da
3705,F,46,Postliceal,Bucuresti-Ilfov,Urban,6153.0,Nu
3706,F,50,Liceu,Bucuresti-Ilfov,Rural,5054.0,Da
3707,F,52,Masterat,Sud-Vest Oltenia,Rural,5695.0,Da
3708,F,51,Liceu,Bucuresti-Ilfov,Urban,5663.0,Nu
3709,M,56,Facultate,Bucuresti-Ilfov,Urban,7119.0,Da
3710,M,43,Masterat,Centru,Urban,7858.0,Nu
3711,F,32,Masterat,Nord-Vest,Urban,5747.0,Da
3712,M,49,Facultate,Nord-Est,Urban,5282.0,Nu
3713,F,24,Masterat,Bucuresti-Ilfov,Urban,7445.0,Da
3714,M,50,Masterat,Centru,Rural,6075.0,Da
3715,M,43,Masterat,Nord-Est,Rural,5873.0,Da
3716,F,41,Liceu,Nord-Vest,Rural,3457.0,Nu
3717,M,45,Facultate,Sud-Muntenia,Urban,5940.0,Da
3718,F,37,Primar,Nord-Vest,Urban,2906.0,Nu
3719,F,18,Liceu,Nord-Vest,Rural,2353.0,Nu
3720,F,51,Facultate,Sud-Muntenia,Urban,5515.0,Da
3721,F,52,Liceu,Bucuresti-Ilfov,Urban,5263.0,Da
3722,F,43,Liceu,Bucuresti-Ilfov,Urban,4676.0,Nu
3723,M,51,Liceu,Nord-Vest,Rural,3664.0,Da
3724,F,61,Primar,Sud-Vest Oltenia,Rural,2824.0,Nu
3725,F,31,Liceu,Sud-Est,Urban,3484.0,Nu
3726,M,36,Liceu,Vest,Rural,3174.0,Nu
3727,M,35,Masterat,Sud-Vest Oltenia,Urban,6398.0,Nu
3728,M,56,Profesional,Centru,Rural,2815.0,Nu
3729,F,37,Liceu,Nord-Vest,Rural,3921.0,Da
3730,M,34,Liceu,Vest,Urban,4758.0,Da
3731,M,36,Liceu,Bucuresti-Ilfov,Urban,,Da
3732,M,18,Liceu,Nord-Est,Rural,3677.0,Da
3733,M,35,Liceu,Centru,Rural,3704.0,Da
3734,M,47,Liceu,Sud-Muntenia,Urban,5011.0,Da
3735,M,35,Postliceal,Sud-Muntenia,Urban,4009.0,Nu
3736,F,49,Liceu,Bucuresti-Ilfov,Rural,4463.0,Nu
3737,F,62,Liceu,Nord-Est,Urban,3802.0,Nu
3738,M,52,Primar,Nord-Vest,Rural,4223.0,Nu
3739,F,67,Gimnaziu,Sud-Muntenia,Rural,3704.0,Da
3740,F,44,Postliceal,Nord-Vest,Urban,5012.0,Nu
3741,M,33,Postliceal,Sud-Est,Rural,3882.0,Da
3742,F,38,Postliceal,Sud-Vest Oltenia,Urban,3277.0,Da
3743,M,39,Liceu,Sud-Est,Rural,3553.0,Da
3744,F,48,Facultate,Sud-Muntenia,Rural,4732.0,Nu
3745,M,43,Postliceal,Bucuresti-Ilfov,Urban,6027.0,Nu
3746,F,44,Profesional,Nord-Est,Urban,4315.0,Da
3747,F,26,Postliceal,Nord-Vest,Urban,3305.0,Nu
3748,M,42,Liceu,Sud-Est,Urban,4344.0,Da
3749,M,55,Liceu,Bucuresti-Ilfov,Urban,5224.0,Nu
3750,M,45,Profesional,Bucuresti-Ilfov,Urban,6198.0,Nu
3751,M,39,Facultate,Bucuresti-Ilfov,Rural,6978.0,Da
3752,F,55,Liceu,Nord-Est,Urban,3421.0,Da
3753,F,40,Liceu,Centru,Urban,4250.0,Da
3754,M,29,Profesional,Vest,Urban,4359.0,Nu
3755,F,59,Liceu,Centru,Urban,5133.0,Da
3756,M,43,Facultate,Sud-Muntenia,Rural,5655.0,Nu
3757,F,34,Facultate,Centru,Urban,5875.0,Da
3758,M,44,Facultate,Nord-Vest,Rural,6344.0,Nu
3759,M,32,Gimnaziu,Centru,Rural,3993.0,Da
3760,M,38,Postliceal,Sud-Est,Rural,3645.0,Da
3761,F,28,Liceu,Sud-Vest Oltenia,Urban,3279.0,Nu
3762,F,36,Primar,Sud-Muntenia,Urban,3812.0,Nu
3763,F,27,Facultate,Bucuresti-Ilfov,Rural,4769.0,Da
3764,M,49,Doctorat,Vest,Rural,6881.0,Da
3765,F,26,Liceu,Sud-Vest Oltenia,Urban,3419.0,Da
3766,F,43,Profesional,Nord-Vest,Urban,4156.0,Da
3767,F,18,Facultate,Sud-Est,Rural,3857.0,Nu
3768,M,51,Profesional,Sud-Vest Oltenia,Rural,3294.0,Nu
3769,M,38,Facultate,Bucuresti-Ilfov,Rural,6849.0,Da
3770,F,38,Liceu,Sud-Vest Oltenia,Rural,,Da
3771,M,44,Masterat,Sud-Muntenia,Rural,6075.0,Nu
3772,M,23,Liceu,Nord-Vest,Urban,4600.0,Da
3773,F,27,Masterat,Centru,Rural,5169.0,Nu
3774,M,45,,Nord-Vest,Urban,6301.0,Da
3775,M,43,Masterat,Centru,Urban,7314.0,Da
3776,M,44,Gimnaziu,Vest,Urban,5692.0,Nu
3777,M,44,Liceu,Centru,Rural,3647.0,Da
3778,M,53,Profesional,Sud-Muntenia,Urban,4562.0,Nu
3779,M,37,Facultate,Bucuresti-Ilfov,Rural,6931.0,Da
3780,F,28,Facultate,Nord-Vest,Urban,5595.0,Da
3781,M,31,Liceu,Nord-Est,Rural,3046.0,Nu
3782,F,35,Facultate,Vest,Urban,6716.0,Nu
3783,M,43,Primar,Nord-Vest,Rural,4105.0,Da
3784,F,36,Liceu,Sud-Vest Oltenia,Urban,3307.0,Nu
3785,F,47,Masterat,Sud-Vest Oltenia,Urban,6018.0,Nu
3786,F,57,Facultate,Nord-Vest,Urban,6134.0,Nu
3787,M,37,Liceu,Sud-Est,Urban,4515.0,Nu
3788,F,46,Masterat,Bucuresti-Ilfov,Urban,7259.0,Nu
3789,M,47,Liceu,Nord-Vest,Urban,5253.0,Da
3790,M,39,Primar,Nord-Vest,Rural,4131.0,Da
3791,F,31,Liceu,Nord-Est,Urban,4361.0,Da
3792,M,45,Masterat,Sud-Est,Urban,6683.0,Da
3793,M,26,Masterat,Sud-Vest Oltenia,Rural,5304.0,Da
3794,M,40,Facultate,Nord-Est,Rural,4463.0,Da
3795,M,23,Liceu,Centru,Rural,,Da
3796,M,67,Liceu,Sud-Est,Urban,4859.0,Da
3797,F,29,Gimnaziu,Sud-Vest Oltenia,Rural,2201.0,Nu
3798,M,38,Liceu,Nord-Vest,Rural,4272.0,Da
3799,M,58,Gimnaziu,Bucuresti-Ilfov,Rural,5973.0,Nu
3800,F,18,Masterat,Bucuresti-Ilfov,Urban,5543.0,Nu
3801,M,50,Facultate,Sud-Muntenia,Urban,4903.0,Da
3802,M,43,Masterat,Nord-Est,Rural,6048.0,Da
3803,M,40,Liceu,Centru,Rural,4042.0,Nu
3804,F,65,Masterat,Sud-Est,Rural,5300.0,Da
3805,F,32,Doctorat,Nord-Est,Urban,5728.0,Da
3806,F,38,Facultate,Nord-Vest,Urban,5491.0,Nu
3807,M,45,,Sud-Muntenia,Rural,4541.0,Da
3808,M,67,,Nord-Vest,Rural,5026.0,Nu
3809,F,43,Masterat,Sud-Vest Oltenia,Urban,5229.0,Nu
3810,F,53,Profesional,Vest,Rural,3601.0,Nu
3811,M,43,Liceu,Vest,Urban,4857.0,Da
3812,F,58,Primar,Nord-Est,Rural,2559.0,Da
3813,F,42,Liceu,Nord-Est,Rural,2468.0,Nu
3814,F,43,Liceu,Nord-Est,Rural,2611.0,Nu
3815,F,35,Liceu,Nord-Est,Rural,2906.0,Nu
3816,M,42,Facultate,Sud-Est,Urban,4595.0,Da
3817,F,37,Facultate,Vest,Rural,5479.0,Nu
3818,F,33,Profesional,Centru,Urban,4778.0,Nu
3819,F,67,Profesional,Sud-Vest Oltenia,Rural,3077.0,Nu
3820,M,38,Liceu,Bucuresti-Ilfov,Urban,5654.0,Nu
3821,F,49,Liceu,Bucuresti-Ilfov,Rural,4823.0,Nu
3822,F,48,Gimnaziu,Sud-Est,Rural,3561.0,Da
3823,F,44,Profesional,Sud-Est,Rural,2871.0,Da
3824,M,26,Postliceal,Bucuresti-Ilfov,Urban,6617.0,Nu
3825,F,31,Masterat,Bucuresti-Ilfov,Urban,7651.0,Nu
3826,F,52,Facultate,Nord-Vest,Rural,5226.0,Nu
3827,M,32,Postliceal,Sud-Muntenia,Urban,5425.0,Da
3828,M,20,Profesional,Nord-Est,Urban,3591.0,Da
3829,F,57,Liceu,Nord-Vest,Rural,3779.0,Nu
3830,F,28,Liceu,Sud-Est,Urban,3661.0,Da
3831,M,38,Postliceal,Nord-Est,Urban,,Nu
3832,M,38,Liceu,Vest,Urban,4192.0,Da
3833,F,28,Liceu,Centru,Rural,3727.0,Nu
3834,M,48,Facultate,Sud-Vest Oltenia,Rural,5052.0,Nu
3835,M,35,Masterat,Bucuresti-Ilfov,Urban,8841.0,Da
3836,M,57,Postliceal,Nord-Vest,Rural,4295.0,Nu
3837,M,33,Liceu,Sud-Muntenia,Rural,2242.0,Da
3838,M,36,Liceu,Bucuresti-Ilfov,Rural,4598.0,Nu
3839,F,30,Facultate,Sud-Muntenia,Rural,4575.0,Nu
3840,F,28,Gimnaziu,Vest,Rural,,Nu
3841,F,42,Profesional,Bucuresti-Ilfov,Urban,5354.0,Nu
3842,F,36,Facultate,Nord-Est,Urban,5413.0,Da
3843,F,54,Liceu,Sud-Muntenia,Rural,2930.0,Nu
3844,M,23,Liceu,Nord-Est,Urban,3455.0,Da
3845,M,36,Gimnaziu,Sud-Est,Rural,3017.0,Da
3846,M,33,Profesional,Sud-Muntenia,Urban,4500.0,Da
3847,F,49,Facultate,Centru,Urban,4761.0,Da
3848,F,30,Facultate,Sud-Muntenia,Urban,4261.0,Da
3849,F,49,Liceu,Bucuresti-Ilfov,Rural,5275.0,Nu
3850,F,50,Facultate,Sud-Muntenia,Urban,5998.0,Nu
3851,M,39,Facultate,Nord-Vest,Urban,6209.0,Da
3852,F,45,Primar,Sud-Vest Oltenia,Urban,2895.0,Nu
3853,M,60,Liceu,Centru,Rural,4888.0,Nu
3854,M,49,Profesional,Vest,Rural,4909.0,Nu
3855,M,28,Profesional,Nord-Vest,Urban,4223.0,Da
3856,M,40,Postliceal,Centru,Urban,4528.0,Nu
3857,M,49,Masterat,Vest,Rural,6250.0,Nu
3858,F,38,Profesional,Nord-Est,Urban,3488.0,Nu
3859,F,62,Primar,Centru,Urban,4129.0,Nu
3860,F,43,Liceu,Nord-Vest,Rural,3890.0,Da
3861,F,42,Profesional,Nord-Vest,Urban,5455.0,Da
3862,F,18,Masterat,Nord-Vest,Urban,5287.0,Nu
3863,M,43,Liceu,Bucuresti-Ilfov,Rural,4017.0,Nu
3864,F,32,Facultate,Sud-Vest Oltenia,Rural,3380.0,Nu
3865,F,36,Postliceal,Nord-Est,Urban,4036.0,Nu
3866,M,46,Liceu,Centru,Rural,4417.0,Da
3867,F,38,Liceu,Bucuresti-Ilfov,Rural,4302.0,Da
3868,F,18,Masterat,Sud-Muntenia,Rural,4454.0,Da
3869,M,27,Facultate,Bucuresti-Ilfov,Urban,6953.0,Nu
3870,M,55,Liceu,Sud-Muntenia,Rural,3450.0,Da
3871,F,34,Profesional,Nord-Vest,Urban,3370.0,Da
3872,M,49,Liceu,Centru,Urban,4715.0,Da
3873,F,52,Profesional,Bucuresti-Ilfov,Urban,5846.0,Da
3874,F,53,Facultate,Nord-Est,Urban,3796.0,Nu
3875,M,66,Masterat,Sud-Vest Oltenia,Urban,6809.0,Da
3876,F,40,Gimnaziu,Sud-Vest Oltenia,Rural,2200.0,Nu
3877,M,33,Masterat,Sud-Est,Urban,6253.0,Da
3878,M,45,Facultate,Nord-Est,Rural,5419.0,Nu
3879,M,50,Liceu,Nord-Vest,Rural,4376.0,Da
3880,F,59,Facultate,Bucuresti-Ilfov,Rural,5368.0,Da
3881,F,44,Facultate,Bucuresti-Ilfov,Urban,6945.0,Da
3882,F,47,Liceu,Bucuresti-Ilfov,Rural,4222.0,Nu
3883,F,46,Profesional,Centru,Urban,4712.0,Da
3884,F,29,Gimnaziu,Nord-Est,Urban,3328.0,Nu
3885,M,30,Facultate,Sud-Muntenia,Rural,5200.0,Da
3886,M,30,Gimnaziu,Bucuresti-Ilfov,Urban,6184.0,Da
3887,F,25,Liceu,Nord-Est,Urban,2902.0,Nu
3888,F,59,Profesional,Nord-Vest,Rural,3132.0,Nu
3889,F,45,Liceu,Nord-Est,Rural,2463.0,Nu
3890,M,44,Liceu,Vest,Rural,4657.0,Nu
3891,M,42,Liceu,Centru,Rural,3673.0,Nu
3892,F,43,Facultate,Sud-Est,Urban,5563.0,Da
3893,F,38,Liceu,Centru,Rural,3001.0,Da
3894,F,67,,Bucuresti-Ilfov,Rural,6962.0,Nu
3895,F,57,Facultate,Bucuresti-Ilfov,Urban,6525.0,Nu
3896,F,39,Liceu,Bucuresti-Ilfov,Urban,5058.0,Da
3897,M,60,Profesional,Centru,Rural,3313.0,Nu
3898,M,26,Facultate,Bucuresti-Ilfov,Rural,6185.0,Da
3899,F,31,Liceu,Sud-Est,Rural,2392.0,Da
3900,M,38,Gimnaziu,Nord-Vest,Urban,5130.0,Da
3901,F,41,Liceu,Sud-Vest Oltenia,Rural,3185.0,Nu
3902,M,43,Facultate,Vest,Urban,6746.0,Nu
3903,M,35,Profesional,Centru,Urban,4930.0,Nu
3904,F,33,Facultate,Sud-Muntenia,Urban,5777.0,Da
3905,F,21,Masterat,Nord-Vest,Rural,3906.0,Nu
3906,F,35,Facultate,Nord-Est,Rural,3533.0,Da
3907,F,61,Masterat,Nord-Est,Rural,4421.0,Da
3908,M,52,Postliceal,Sud-Muntenia,Rural,3574.0,Nu
3909,F,18,Profesional,Vest,Urban,2739.0,Da
3910,F,37,Profesional,Nord-Est,Urban,3820.0,Nu
3911,M,62,Liceu,Sud-Muntenia,Rural,4213.0,Da
3912,M,18,Postliceal,Vest,Urban,4944.0,Nu
3913,F,37,Facultate,Sud-Vest Oltenia,Urban,4300.0,Da
3914,F,19,Liceu,Bucuresti-Ilfov,Urban,5482.0,Nu
3915,M,29,Facultate,Nord-Est,Urban,5389.0,Da
3916,F,33,Gimnaziu,Sud-Muntenia,Urban,3655.0,Nu
3917,M,50,Profesional,Nord-Est,Urban,4337.0,Nu
3918,M,34,Profesional,Sud-Muntenia,Urban,4193.0,Nu
3919,M,43,Facultate,Bucuresti-Ilfov,Urban,7391.0,Nu
3920,M,52,Liceu,Sud-Muntenia,Rural,4184.0,Nu
3921,F,46,Liceu,Nord-Est,Urban,3111.0,Nu
3922,F,52,Profesional,Nord-Est,Rural,2560.0,Nu
3923,F,41,Postliceal,Sud-Est,Urban,3880.0,Nu
3924,F,51,Facultate,Bucuresti-Ilfov,Urban,7780.0,Nu
3925,F,38,Facultate,Sud-Muntenia,Urban,5403.0,Nu
3926,F,45,Facultate,Sud-Est,Rural,5194.0,Nu
3927,F,26,Masterat,Vest,Rural,4928.0,Nu
3928,M,42,Liceu,Nord-Est,Rural,3451.0,Da
3929,F,22,Liceu,Sud-Est,Rural,2330.0,Nu
3930,M,55,Facultate,Nord-Vest,Urban,6816.0,Da
3931,M,18,Facultate,Nord-Est,Rural,3386.0,Nu
3932,F,49,Liceu,Vest,Rural,3754.0,Da
3933,M,41,Facultate,Sud-Muntenia,Rural,5560.0,Da
3934,F,47,Profesional,Nord-Vest,Urban,5606.0,Nu
3935,M,23,Postliceal,Sud-Muntenia,Urban,5062.0,Da
3936,M,45,Liceu,Bucuresti-Ilfov,Rural,5765.0,Nu
3937,F,41,Liceu,Nord-Vest,Urban,4079.0,Nu
3938,F,67,Masterat,Nord-Est,Urban,6671.0,Da
3939,F,38,Liceu,Vest,Urban,4261.0,Nu
3940,M,42,Gimnaziu,Nord-Vest,Rural,4330.0,Da
3941,M,23,Profesional,Sud-Muntenia,Rural,3226.0,Da
3942,F,44,Liceu,Nord-Vest,Urban,3679.0,Nu
3943,M,50,Gimnaziu,Sud-Est,Rural,3846.0,Da
3944,M,47,Facultate,Bucuresti-Ilfov,Rural,7300.0,Da
3945,M,41,Gimnaziu,Sud-Muntenia,Urban,3803.0,Da
3946,M,24,Masterat,Vest,Urban,6825.0,Nu
3947,M,45,Liceu,Sud-Muntenia,Rural,3209.0,Nu
3948,F,19,Masterat,Nord-Vest,Rural,4964.0,Da
3949,M,20,Facultate,Nord-Est,Rural,3638.0,Nu
3950,M,29,Facultate,Nord-Est,Urban,,Da
3951,M,53,Masterat,Nord-Vest,Urban,7416.0,Nu
3952,F,36,Liceu,Nord-Est,Urban,4194.0,Da
3953,M,41,Profesional,Sud-Muntenia,Urban,4696.0,Da
3954,M,23,Postliceal,Sud-Est,Rural,2847.0,Nu
3955,F,45,Profesional,Nord-Vest,Urban,3738.0,Nu
3956,F,34,Profesional,Bucuresti-Ilfov,Rural,4113.0,Nu
3957,M,51,Facultate,Sud-Est,Rural,5042.0,Da
3958,M,24,Masterat,Sud-Est,Urban,6535.0,Nu
3959,F,42,Liceu,Centru,Rural,3924.0,Da
3960,M,31,Postliceal,Sud-Muntenia,Urban,3818.0,Nu
3961,M,41,Liceu,Nord-Vest,Urban,3035.0,Da
3962,F,67,Facultate,Sud-Vest Oltenia,Urban,5247.0,Nu
3963,M,26,Primar,Bucuresti-Ilfov,Urban,5415.0,Nu
3964,M,40,Gimnaziu,Bucuresti-Ilfov,Rural,4815.0,Da
3965,M,45,Liceu,Sud-Muntenia,Rural,2843.0,Nu
3966,M,32,Liceu,Centru,Urban,5226.0,Da
3967,M,58,Facultate,Sud-Muntenia,Rural,5600.0,Da
3968,F,58,Liceu,Nord-Est,Urban,2702.0,Nu
3969,F,61,Liceu,Sud-Vest Oltenia,Urban,3809.0,Nu
3970,M,23,Profesional,Sud-Muntenia,Urban,3523.0,Da
3971,M,33,Masterat,Sud-Muntenia,Rural,6097.0,Nu
3972,F,61,Liceu,Centru,Rural,3282.0,Nu
3973,F,52,Facultate,Vest,Urban,6242.0,Da
3974,F,28,Facultate,Sud-Est,Urban,4725.0,Da
3975,M,57,Liceu,Sud-Muntenia,Urban,4020.0,Da
3976,M,55,Facultate,Bucuresti-Ilfov,Urban,8673.0,Nu
3977,M,49,Masterat,Nord-Vest,Rural,7222.0,Da
3978,M,30,Facultate,Nord-Est,Rural,4667.0,Da
3979,M,67,Facultate,Sud-Muntenia,Urban,5292.0,Nu
3980,M,44,Primar,Centru,Rural,4159.0,Nu
3981,M,55,Liceu,Bucuresti-Ilfov,Urban,6421.0,Da
3982,M,42,Facultate,Sud-Muntenia,Urban,6859.0,Da
3983,M,30,Masterat,Sud-Muntenia,Rural,5877.0,Da
3984,M,51,Facultate,Centru,Urban,7253.0,Nu
3985,F,37,Liceu,Sud-Est,Rural,3086.0,Nu
3986,F,67,Gimnaziu,Vest,Urban,4486.0,Nu
3987,M,51,Liceu,Sud-Est,Urban,4210.0,Da
3988,M,28,Masterat,Nord-Est,Urban,6768.0,Da
3989,F,50,Gimnaziu,Sud-Muntenia,Rural,2624.0,Da
3990,F,51,Liceu,Nord-Vest,Urban,4530.0,Nu
3991,F,52,Gimnaziu,Vest,Urban,4732.0,Nu
3992,M,55,Liceu,Sud-Vest Oltenia,Urban,4077.0,Nu
3993,M,44,Gimnaziu,Centru,Urban,4652.0,Nu
3994,M,48,Liceu,Nord-Vest,Urban,5138.0,Da
3995,F,38,Liceu,Nord-Est,Urban,4461.0,Da
3996,F,30,Facultate,Sud-Muntenia,Rural,4470.0,Da
3997,M,31,Liceu,Nord-Vest,Urban,5163.0,Nu
3998,M,36,Masterat,Nord-Vest,Rural,5439.0,Nu
3999,M,37,Profesional,Vest,Rural,4319.0,Nu
4000,F,41,Facultate,Nord-Vest,Rural,4784.0,Da
1,F,28,Profesional,Centru,Urban,4063.0,Nu
2,F,31,Facultate,Nord-Vest,Urban,5153.0,Nu
3,M,36,Gimnaziu,Bucuresti-Ilfov,Urban,6495.0,Nu
4,F,45,Liceu,Vest,Rural,3916.0,Nu
5,F,33,Facultate,Centru,Rural,4064.0,Nu
